"334522, 263156, 263728, 326364, 271967, 326742, 373842, 348608, 426252",0
"334571, 399634, 439465, 309493, 347407, 419962, 430615, 339385, 420437, 373838, 350761, 348604, 432279, 340345, 428779, 347851, 306354, 328775, 349935, 268234, 233281",1
"367780, 367779, 373669, 426899, 364793, 419781",2
309464,3
"433128, 366502, 365692, 413174, 375802, 357875, 366164, 375801, 360411, 419823, 419824, 419822, 367202, 426880, 434368, 368014, 382556, 378754, 367999, 367516",4
"334735, 418048, 289347, 306515, 289346, 289348, 289343, 306373, 288415, 289344, 306378, 306513, 289345, 289349, 288414, 289350, 288418, 288420, 306376, 289342, 306517, 306374, 287230, 288416, 306516, 287231, 287229, 306514, 288417, 272787, 272783, 275029, 280078, 272784, 393273, 282059, 308555, 261980, 367191, 365880, 336186, 272804, 367868, 250857, 261252, 306362, 418046, 293088, 250858, 366336, 273547, 338418, 348625, 365831, 365799, 267166, 265296",5
"332494, 306385, 262962, 309437, 267464, 243197, 297573, 297572, 306357, 306358, 306359, 365794, 376437, 347404, 401531, 440127, 326743, 376502, 402119",6
"358128, 382557, 425031, 399809, 428576, 324114, 379830, 387875, 411880, 373066, 362329, 347990, 429998, 367215, 367216, 368406, 401538, 429487, 439080, 368402, 364160, 364161, 390600, 444538, 428958, 383267",7
"334522, 428402, 303515, 358215, 358214, 429822, 266249, 272797, 272801, 272799, 328115, 272795, 272792, 230053, 306381, 272800, 429823, 312374, 428017, 352313, 293310, 263156, 263382, 429156, 220036, 365388, 375798, 263728, 326364, 215570, 278695, 365387, 271967, 306355, 306356, 326742, 336608, 294179, 312376, 406648, 363974, 209030, 236423, 433363, 264181, 343464, 373842, 365386, 385703, 348608, 385702, 385705, 444537, 444534, 267171, 312375, 385696, 426252",8
"353403, 351555, 351556, 375354, 422659, 309486, 422661, 336553, 354624, 396141",9
"364909, 287906, 267463, 295527, 334032, 366940, 387375, 201256, 342723, 348614, 220585",10
"314281, 314280, 326361, 439515, 434379, 372968, 367225, 344501, 271283, 374891, 289436",11
"273036, 434378, 372965, 314281, 314280, 356604, 309476, 271287, 372971, 268243, 326361, 439515, 271950, 434379, 372968, 367225, 344501, 344500, 399366, 372975, 434377, 372964, 271283, 374891, 401879, 382563, 289436, 300708, 348652, 271394",12
"418048, 339530, 322903, 326939, 366335, 378769, 373714, 332707, 332706, 348632, 365798, 365826, 418046, 293088, 346243, 365831",13
"444538, 428958, 414753",14
"259640, 309467, 309605, 280580, 346169, 430767, 306397, 263804, 348635, 267170",15
"273036, 434378, 372965, 314281, 314280, 309476, 271287, 268243, 326361, 439515, 271950, 367225, 344500, 271283, 289436, 348652, 271394",16
"358128, 382557, 428576, 324114, 379830, 411880, 373066, 367216, 368406, 368402, 364160, 364161, 390600, 428958, 414753, 383267",17
"443307, 138423, 138421, 316245, 292393, 348661",18
"334015, 334123, 324638, 196016, 309596, 352064",19
"273035, 315061, 306391, 326373, 241127, 271939, 272500, 270740, 348624",20
"268179, 263218, 267467, 348620, 337695, 343461, 367360",21
"380322, 328776, 243360, 309434, 309604, 267350, 334746, 366935, 326824, 369237, 216277, 232365, 380324, 366936, 334736, 334747, 382561, 268418, 348638",22
"334656, 334654, 439303, 394548, 394547, 206690, 223406, 333426, 207791, 263803, 317056, 297611, 309473, 242715, 226917, 361379, 207629, 232123, 401524, 267461, 282766, 420128, 216398, 242714, 427383, 334019, 335250, 235883, 389996, 320029, 279496, 268239, 211947, 263346, 266152, 216392, 231641, 257269, 257270, 214599, 216391, 238417, 330823, 264324, 378775, 268417, 348650, 260687, 420129, 267172, 243232",23
"372683, 305956, 376908, 376909, 305957, 305952",24
"346993, 315061, 326373, 373845, 348624, 365813",25
"334636, 333853, 354399, 347408, 333852, 291721, 437379, 207907, 309490, 336659, 347023, 428448, 271935, 306199, 219880, 186070, 369236, 212289, 255878, 373836, 228690, 348618, 272265, 400962",26
"430615, 432279, 347851, 306354, 334571, 328775, 349935, 350762, 268234, 196872, 233281",27
"310077, 295882, 427864, 309366, 430884, 400370, 369469",28
"403238, 411879, 428708, 356104, 356036, 367238, 363147, 365793, 365313, 339390, 360408, 399792, 373846, 359948",29
"333426, 297611, 309473, 361379, 335250, 235883, 389996, 334029, 334656, 320029, 279496, 268239, 263346, 264324, 348650, 281699, 283527, 260687",30
"408470, 312730, 380592, 312906, 312908, 312732, 312909, 312912, 407919, 349196, 295149, 323827, 336556, 266726, 329472, 314921, 312922, 272953, 348621, 349197",31
"383044, 372405, 372406, 418043, 418045, 381644, 418047, 419042, 392907, 391907, 391908, 418048, 282059, 293088, 365831",32
"443981, 435091, 435094, 428703, 428705, 428706",33
"309442, 266244, 356200, 414454, 264494, 342342, 369240, 369994, 214969, 368424, 264698, 264693, 404477",34
"355551, 287127, 266248, 326369, 283515, 414895, 379054, 243096, 352090, 365906",35
"337694, 385692, 382383, 347405, 303964, 402091, 402724, 393448, 315526, 330947, 393955, 372068, 308103, 305000, 348603, 365817, 365812, 294178",36
"337694, 385692, 382383, 347405, 402724, 393448, 330947, 393955, 372068, 400380, 346690, 336149, 366363, 365816, 402092, 348603",37
"382325, 400170, 377288, 363145, 417468",38
"138801, 225182, 436034, 440577, 344984, 344983, 400723, 336464, 219566, 273753, 404548, 309855, 242561, 306195, 273486, 366326, 366337, 366360, 366343, 366340, 366341, 366354, 366355, 366361, 366348, 366329, 366353, 378756, 385693, 385694, 385697, 348542, 385709, 385700, 385708, 365805, 309611, 309613, 309615, 309616, 309617",39
"403238, 411879, 428708, 356104, 356036, 367238, 363147, 365793, 329934, 365313, 339390, 349938, 339389, 357877, 333625, 399792, 355545, 334814, 359071, 418049, 370606, 343453, 382564, 378771, 373846, 348553, 365800, 359948",40
"348514, 372734, 372736, 372735, 304572, 277157, 276625, 359067, 309436, 263412, 321231, 262386, 333839, 333841, 268235, 291811, 354048, 277897, 374816, 372737, 367414, 365830, 344578, 300465",41
"433128, 417453, 419824, 426880, 368014",42
"304186, 224900, 241666, 257758, 408117, 349908, 231298, 338906, 349928, 330266, 286419, 378406, 404826, 351147, 330270, 350241, 330271, 224901, 330263, 294829, 369316",43
"151293, 370562, 179551, 281702, 193661, 295955, 286999, 334050, 334046, 435732, 272790, 274570, 271251, 359430, 368422, 348656, 348655, 444539, 167945, 288427",44
"419414, 337694, 385692, 382383, 347405, 400722, 279529, 288012, 319459, 369406, 321747, 309487, 306762, 402091, 402724, 393448, 315526, 330947, 291710, 308310, 393955, 405113, 328253, 271952, 406412, 365511, 279528, 279530, 430965, 326043, 366362, 308098, 299030, 316489, 372068, 400380, 346690, 336149, 366363, 365816, 331898, 308103, 343462, 339260, 305000, 385710, 348603, 365817, 365812, 294178, 365803, 365802, 382600, 393808, 292334, 284961, 432830",45
"334522, 429823, 365388, 263728, 326364, 365387, 271967, 326742, 373842, 348608, 426252",46
"219822, 219817, 219816, 267455, 326367, 266277, 432908, 319362, 333837, 333838, 340278, 404074, 274939, 219824, 219820, 219819, 219818, 219821, 219823",47
"193920, 193921, 310077, 295882, 271252",48
"332735, 386434, 444345, 442103, 374564, 312897, 349830, 442104, 326749, 313597, 340076, 402795, 359668, 426775, 382559, 430095, 430093, 350984, 365828, 318011",49
"426898, 426639, 426638, 431255",50
"137963, 302401, 138408, 419783",51
367087,52
"357969, 359324, 332119, 336655, 367828, 336653, 357725, 296433, 333825, 309259, 309496, 432924, 391158, 391159, 391160, 391156, 391157, 271285, 348633, 353226, 347397, 312895, 348594, 352844, 378870, 306518, 306519, 353225, 330418, 433888, 271839, 434245, 428097, 432111, 435724, 435721, 370718, 348549, 385699, 385706, 385707, 325823, 365825, 271840",53
"337695, 268179, 263218, 267467, 291016, 348620, 365907, 364101, 263217, 328750, 156417, 314067, 343461, 444533, 367360",54
"442417, 442418, 437679",55
"272543, 272545, 273455, 267451, 306353, 279829, 369625, 268395, 293514",56
"443658, 413793, 444170",57
"334738, 367230, 363007, 308580, 360155, 360154, 360157, 306371, 386534, 360159, 310079, 413701, 423431, 438306, 299546, 306130, 295292, 314737, 440120, 365820, 440121",58
"333426, 263803, 297611, 309473, 242715, 267461, 420128, 216398, 334019, 335250, 235883, 389996, 334656, 320029, 279496, 263346, 216392, 231641, 216391, 334654, 264324, 348650, 267172",59
"293314, 367621, 367623, 367622, 201270",60
"273037, 345089, 373029, 202475, 199770, 351321, 338419, 403103, 274993",61
318466,62
"284305, 305851, 400373",63
"334124, 408776, 279526, 303514, 371115, 309507, 433588, 433589, 433590, 395845, 301086, 303491, 285659, 329295, 309984, 430963, 382568, 353432, 335444",64
"403951, 403034, 363965, 428962, 404888",65
"312733, 284962, 309468, 369239, 378287",66
"376350, 416147, 428145, 368484, 380650, 374523, 378763, 440116, 365780, 434304",67
"360114, 342575, 256989, 318488",68
332320,69
"372734, 304572, 277157, 276625, 309436, 263412, 321231, 262386, 333839, 333841, 268235, 291811, 354048, 348514, 277897, 374816, 372737, 365830, 300465",70
"156646, 309445, 414451, 306204, 257943, 271279, 348692, 266247, 326372, 324633, 266305, 271749, 409004",71
"424416, 348552, 357828, 426569, 309491, 297527, 297599, 284245, 319430, 268203, 268202, 328303, 297598, 417241, 360755, 297593, 329567, 353433, 271374, 337176",72
"267463, 334032, 387375, 201256, 287907, 342723, 348614",73
"346709, 299855",74
"440472, 423812, 426800, 420036, 440471, 440473, 420682",75
"338416, 359012, 382059, 188500, 238243, 299823, 299822, 309359, 309597, 287070, 340934, 437719, 319443, 299920, 348606, 271761",76
"138404, 138357, 147131, 273442, 142921, 273443, 266245, 384135, 153079, 291173, 264122, 186791, 273445, 138372, 358609, 142918, 156478, 138955, 138356, 273444, 138375, 138374, 138376, 205557, 138403, 138373, 138371, 150799, 138377",77
"402643, 402315, 371408, 412392, 410258, 371406, 314493, 314560, 416875, 410259, 402314, 402313, 314496, 314498, 416874, 417464",78
"372735, 304572, 277157, 309436, 321231, 333841, 291811, 354048, 348514, 277897, 374816, 372737, 311505, 333840, 365830, 344578",79
"302009, 302010, 367210, 302012, 302011, 397397, 365795",80
"232915, 237375, 290603",81
"430516, 424076, 424078, 424075, 424077, 420396, 417452, 426881, 435726",82
"349193, 403800",83
"272771, 333623, 374835, 208127, 148362, 348646, 365814",84
"356200, 368424, 404477",85
"432549, 392596, 342041, 343005, 435738, 332114, 437543, 262296, 332127, 428777",86
"339377, 339378, 309611, 366323, 218986, 309363, 366170, 294802, 305411, 272029, 283776, 365808, 267169",87
"172359, 309485, 267465, 271961, 283413, 283415, 273055, 373847, 273057, 283414, 275002",88
"424396, 217883, 343311, 391878, 273003, 290918, 290917, 273004, 273560",89
"439799, 438799, 438798, 442416, 434375, 440125",90
"334817, 376859, 384007, 380643, 379809, 362911, 415264, 310080, 325280, 295956, 285658, 355068, 355067, 327770, 329179, 302675, 304995, 348627, 365782, 364902, 393267",91
"240840, 250859, 273632, 284911, 308348, 319236, 297589, 275635, 343414, 297587, 272268",92
"284243, 283520, 372344, 350858",93
"297788, 309498, 309601, 318181, 325546, 288857, 409003, 402114, 326648",94
"351328, 381081, 356201, 343514, 303487, 355549, 348547, 365784, 331899, 428313, 264865, 438141",95
"137963, 138408, 419783",96
193149,97
"409326, 435094, 428703, 428705, 428706",98
"249126, 249127, 249128, 219794, 249129, 249131, 249228, 249230, 249231, 250128, 259259, 250129, 250130, 250131, 259256, 250132, 167706, 259266, 309480, 259268, 259272, 400383, 259311, 297891, 297890, 259315, 304296, 259316, 259318, 259320, 259321, 259324, 259325, 271317, 274303, 213719, 224427, 259474, 259476, 297725, 297727, 259478, 259479, 259480, 326840, 259481, 297730, 255213, 259482, 259483, 297731, 297732, 282892, 248513, 231670, 259484, 259485, 259486, 259813, 259814, 259815, 297888, 353729, 259313, 255214, 297893, 297726",99
"180790, 151859, 151862, 158369, 151863, 151860, 151861, 151865, 151866, 185459, 194372, 194373, 226881, 226882, 272825, 272824, 157986, 163292, 148255, 305848, 213689, 194911, 238487, 161171, 265638, 151814, 238491, 148254, 235971, 163289, 238488, 244098, 177445, 156848, 201268, 270112, 201267, 163291, 151819, 156920, 306969, 151816, 228613, 157931, 378706, 238490, 163290, 270111, 221642, 194910, 208518, 194913, 194912, 201269, 151817, 238486, 306918, 238485, 309037, 194914, 238489, 306917, 156849, 268979, 180791, 180792, 158075, 268981, 268977, 345127, 183996, 334638, 354826, 180793, 268984, 163288, 180794, 161175",100
251355,101
"309444, 276446, 272267, 370440, 329884, 266245, 264122, 358609, 273444, 348611, 205557",102
"355063, 355065, 355066, 352308, 352309, 367087",103
"276978, 273460, 276976, 310084, 267450, 428959, 416670, 326940, 275734, 310310, 342831, 344534, 309344, 280888",104
"334636, 333853, 354399, 347408, 333852, 291721, 309490, 271935, 306199, 212289, 373836, 348618, 272265",105
"238247, 274568, 272794, 262000, 268829, 444536",106
"294888, 437892, 248957, 248958, 330388, 347428, 347429, 330387, 256366, 248959, 366334, 250753",107
"366921, 309457, 175539, 266301, 272813, 295518, 366920, 336143, 348634, 365811, 442988",108
"386535, 400986",109
"421982, 423113",110
"406042, 420035, 416678, 440126, 435730",111
"332158, 376860, 435093, 350517, 272081, 435094, 306293, 293518, 239699, 420119, 428703, 428705, 428706",112
238247,113
402456,114
"271315, 308341, 175570, 147203, 140119, 265060, 266251, 372683, 348610, 156104, 139862, 139943, 139944, 139945, 193775",115
"315114, 291125, 326758, 271388",116
"420390, 400641, 435741, 416676, 440115",117
"334732, 239115, 380518, 214320, 272772, 274246, 303579, 309178, 420262, 291169, 279772, 313778, 428311, 243337, 243338, 289104",118
"421497, 418050, 417459, 343951, 436068, 344224",119
"303519, 272543, 145782, 272545, 273930, 273455, 279774, 272546, 267451, 186602, 306353, 279829, 369625, 343413, 268395, 293514",120
220056,121
"439442, 385692, 402093, 402724, 372068, 365817, 382600",122
"334572, 349236, 309505, 316247, 393627, 427460, 365909, 284314, 427458, 310082, 282767, 268237, 382562, 373841, 348654",123
"400170, 409327",124
,125
"410250, 442586",126
"266248, 326369, 283515, 414895, 379054",127
145758,128
"424317, 443819, 443821, 443822, 424318, 412807, 426674, 426675, 443823, 443820, 443818, 412806, 443825",129
"138499, 202765, 398663, 381311, 138365, 404476",130
321929,131
"339391, 173357, 270431, 344432, 309365, 266242, 272080, 228574, 329170, 272020, 326745, 271277, 364784, 231231, 196929, 364783, 199216, 158795, 188869, 378753, 271273, 348557, 444535, 271750, 270441",132
"273050, 273049, 288113, 273625, 269743, 273623, 273624, 273048, 271844, 163033, 280381, 270126, 309435, 268244, 410964, 308308, 139600, 334937, 271959, 273046, 346207, 334932, 324591, 270738, 382560, 378773, 270048, 264180, 179909, 163034, 268419, 348649, 365885, 273051, 160028, 273268, 276445, 273047, 255450, 339497",133
"267452, 326297, 271929, 369238, 285622, 440112, 272498",134
"385650, 354810, 354818, 383420, 432906, 440208, 307688, 352360, 354815, 307689, 358850, 393099, 354811, 407021, 354809, 354812, 440210, 401735, 440211, 354813, 354814, 356738, 440209, 356737",135
402117,136
283475,137
"373186, 430011, 403082",138
"367209, 271398",139
"334122, 339486, 268233, 216329, 417212",140
"426895, 402486, 428956, 403054, 403055",141
"363620, 267903, 177387, 271438, 233523, 437232",142
"310077, 271252",143
333777,144
"363148, 381080, 310078, 347989, 359432, 319431, 294180, 344856, 343442, 270555, 348546, 365829, 264865, 438141",145
"274814, 270984, 372671, 306208, 306366, 271247, 378208, 276443",146
"295386, 295297, 324544, 372468, 324546, 369393, 369392, 371613, 324542, 309360, 347995, 347996, 339381, 266544, 371615, 371617, 371616, 372381",147
"284963, 431229, 340372",148
"309450, 283516, 282865, 371531, 271875",149
"415963, 318320, 331899, 303488, 242680, 276336, 365910, 428313, 438141",150
"369239, 378287",151
"435736, 295524, 138359, 138358, 138354",152
"442722, 366268, 442521",153
337381,154
"295150, 389458",155
"312896, 272931, 295520, 420702, 331279, 271383",156
"271440, 349452, 349453, 349455, 155643, 155645, 180789, 279777, 138801, 427154, 427155, 427151, 427152, 385698, 274814, 309611, 308986, 309612, 308974, 226425, 309613, 309615, 309616, 309617, 270984, 279775, 266300, 372671, 366323, 306208, 306366, 271247, 378765, 272503, 378208, 348626, 385701, 261911, 365807, 276443, 292924",157
"380592, 407919, 408471, 378710, 321701, 367213, 314926, 369547",158
"309460, 308309, 333788, 435733",159
"361569, 306382, 269822, 309361, 354971, 287062, 323227, 270220, 306360, 306361, 401536, 367222, 419873, 365801, 410647",160
"334522, 263156, 326364, 271967, 326742, 348608, 312375",161
"393115, 242275, 347406, 272012, 272499, 169115",162
"148515, 402119",163
"417976, 343441, 146812, 146813, 388112, 300763, 139598",164
"270431, 339391, 266242, 272080, 228574, 329170, 272020, 326745, 271277, 364784, 231231, 158795, 271273, 348557, 271750, 270441",165
"137963, 309243, 258701, 270991, 175269, 397419, 283747, 180475, 139661, 138408, 419783",166
"316244, 279827",167
"336655, 367828, 336653, 333825, 391158, 391159, 391160, 391156, 391157, 353226, 378870, 330418, 433888, 428097, 435724, 435723",168
"267460, 426882",169
"239115, 272772, 309178, 420262, 313778, 243337, 334732, 291172",170
"365794, 347404, 328537, 332494, 440127, 376502",171
"400986, 161245",172
"419949, 372552, 373290, 411903, 433750, 439569, 378714, 369624, 403012, 437813, 369152, 361015, 430214, 372727",173
"333427, 274078, 272995, 420124, 420125, 420123, 267458, 420126, 333796, 245869, 406646, 420127, 245867, 271396",174
"405113, 432550, 424070, 424071, 424069, 424073, 424074, 428957, 435740, 420295, 418055, 413520, 434494, 413510, 432830",175
"186620, 289456, 280382, 186379, 362667, 254293, 288847, 236247",176
"428576, 411880, 390600, 428958, 414753, 383267",177
"308351, 272819, 268230, 402361, 378781",178
"374422, 333624",179
"329936, 376860, 312898, 373839, 435094, 428705, 428706",180
"308971, 267349, 359665, 319354, 306396",181
"327084, 349814, 349815, 416667, 349816, 361276, 349817",182
"345093, 221005, 362668, 410635, 271940, 268232, 264050, 319074",183
"309446, 304196, 303486, 317125, 349257, 440297, 233690, 365889, 218094, 233947, 264990",184
"366766, 369129, 437512, 329514, 291460, 309220, 348605",185
"333869, 295526",186
"334262, 262000, 238245, 309471, 267457, 326366, 334202, 400993, 333795, 205556, 271873",187
"333623, 281195, 146049, 272771, 275025, 156254, 156249, 303581, 374422, 374835, 352076, 203751, 203108, 378772, 352075, 348646, 365815, 365814",188
"440923, 380369",189
"433136, 417688, 416672, 435744, 429279",190
"274999, 221008, 375799, 375800, 351460, 291231, 346692, 353804",191
"151293, 180732, 180731, 281702, 193661, 286999, 334050, 334046, 272790, 274570, 271251, 359430, 368422, 348657, 348655, 167945",192
312919,193
"305908, 305909, 305907, 439309, 425684",194
"167751, 253634, 181673, 295289, 252676, 210915, 191730, 326031, 164144, 250306, 207648, 313279, 207649, 367998, 176408, 202531, 168058, 205978, 222562, 313525, 250312, 250305, 250311, 250308, 161133",195
"365886, 175268, 421657, 421658, 171398, 421659",196
"276102, 377285, 335453",197
"298450, 348804, 439501, 326395, 372475, 339069, 339715, 349238",198
"340932, 378755, 348631",199
337380,200
"337383, 299221, 363143, 352297",201
"139598, 139656, 286313, 427113, 238031, 347777, 309367, 397244, 138370, 421965, 346380",202
"304186, 241666, 349908, 338906, 349928, 286419, 350241, 224901, 265262, 294829, 369316, 350719, 330269, 330277",203
354430,204
"306365, 329850, 348556, 271752",205
"366720, 439320, 404482, 415265",206
"367230, 309034, 389105, 253864, 248935, 348659",207
"138801, 225182, 386536, 336464, 219566, 273753, 242561, 366337, 366360, 366343, 366340, 366341, 366354, 366355, 366361, 366348, 366329, 366353, 385693, 385694, 385697, 385709, 385700, 385708, 365805, 363863, 309611, 309613, 309615, 309616, 309617",208
"221009, 331543, 349829, 273158, 273160, 138401, 273159",209
"366165, 334128, 334815, 427374, 353802, 373840, 365796",210
"330392, 330391, 313477, 306409, 313484, 309586, 271250, 185103, 300203",211
"416936, 334828, 321148, 321149, 400960",212
"137963, 397419, 419783",213
"371068, 360059, 344796, 376354, 376353, 376355, 344236, 344797, 344798, 355556, 355555, 354428, 418060, 417473, 343119, 343117, 403681, 365797",214
285661,215
"267351, 325279, 439078, 187888, 338848, 166590, 268396, 365877, 187887",216
"274249, 275562, 331833, 364905, 348641",217
"381082, 325277, 376751, 334818, 348548, 365810, 264865, 438141",218
"339379, 343455, 387879, 387880, 306401, 298513, 292923, 342413, 342414, 351320, 365822",219
"406645, 365827, 326297",220
"368268, 368266, 406107, 373080, 373079, 373082, 363924, 368063, 373081, 368065",221
"270431, 309365, 339391, 266242, 272080, 228574, 329170, 272020, 326745, 158795, 271273, 348557, 271750, 270441",222
"184761, 236151, 138435, 309609, 309606, 309602, 425138, 188987, 150919, 173295, 141682, 236152",223
316558,224
"341696, 272765, 217409",225
"306033, 308338, 348663, 272160, 186797, 439516",226
"432855, 361016",227
"376859, 384007, 380643, 379809, 380642, 362911, 310080, 325280, 295956, 355068, 355067, 334817, 302675, 304995, 348627, 291712, 328771, 329178, 328774, 365782, 364902",228
"359335, 271927, 330017",229
"334746, 267350, 326824, 380324, 366936, 334736, 382561, 268418, 348638",230
"367081, 276938, 291012, 284966, 285314",231
"443247, 389104, 392834, 403102, 390958, 390961, 390956, 390960, 417482, 431715, 425664, 384014, 384015",232
"355551, 287127, 266248, 326369, 414895, 365906",233
"371791, 278324, 347411, 353723, 306352, 401533, 365535, 344107, 417455, 372377",234
"334892, 334734, 315527, 340876, 372570, 383359, 359374",235
"130269, 398585, 396141",236
"374740, 374741, 283611, 366738, 309484",237
"438797, 434186",238
"400170, 400650, 418041, 440114",239
"24337, 141728, 382923, 59555, 309459, 144211",240
440117,241
"348515, 409724, 400989, 349834",242
"104163, 140819, 309495, 287061, 304996, 271879",243
264122,244
"369044, 369121, 287107, 358028, 271965, 344568, 416769, 324239, 365836, 360063",245
"437508, 328885, 350667, 373717, 348558, 365804, 418058, 428485, 364784, 196929, 364783",246
"144294, 291020",247
"271424, 271628, 272014",248
"270911, 270993, 288384, 365824",249
"324994, 379279",250
"379576, 343291",251
"304196, 303486, 233690, 365889",252
"319436, 242460",253
286027,254
"139598, 139656, 362379, 137535, 137534, 274260",255
"341413, 375803, 368404, 367224, 368407",256
"395796, 401542",257
"339387, 309443, 147202, 259998, 367190, 273597, 365881, 348637, 271745",258
207388,259
"372735, 374816, 372737, 369058, 367414",260
"139598, 139656, 238031, 138370",261
163408,262
"289598, 323606, 271421, 274244, 308977, 239508, 306365, 189469, 142934, 295890, 138364, 379198, 156477, 352661, 176847, 348556, 348555, 323607, 330075, 271752, 273596, 197502",263
"410843, 410844, 410842",264
"138441, 144322, 244346, 138440",265
"155329, 170724, 295528, 271968, 371856, 271316, 271425, 272272, 412886",266
"193709, 433929, 337015, 292898, 272512, 346473, 309478, 337016, 321502, 430012, 365990, 415511, 365991, 403081, 306398, 184966, 401530, 268394, 281008, 272769, 348653, 273589, 185398",267
"271315, 308341, 140119, 348610, 139862, 139943, 139944, 139945, 193775, 266250",268
"267466, 271979, 348662, 271882",269
"404890, 360120, 367788, 299208, 367787, 299205, 428961, 299207, 370512, 299206",270
"318953, 367223, 367229, 321767, 321768, 308325, 365785, 365792",271
"326367, 333837",272
361278,273
"274991, 305728, 309454, 207908, 348615, 236700, 265059, 334894, 180814, 271626, 272261",274
205632,275
"420262, 279772, 442584",276
"426574, 423719, 365301, 442390",277
"349088, 376352, 376351, 349936, 340933, 344503, 365925, 376391",278
"252676, 210915, 326031, 207648, 207649, 202531, 313525, 250312, 250305, 250311",279
"31094, 138496",280
"139598, 139656, 347776, 437528, 147117, 286313, 427113, 238031, 309367, 397244, 138370, 421965, 346380, 402117, 155492, 393265",281
389233,282
279781,283
"309436, 321231, 333841, 291811, 354048, 348514, 277897, 374816, 333840, 365830",284
308335,285
"216329, 417212",286
"221007, 267454, 360194, 229082, 337584, 271625",287
"348481, 372682, 337692",288
"309494, 306403, 181589, 169488, 406643, 272263, 185097",289
"417614, 228781, 206319",290
"367204, 285325, 285323, 285326, 297601, 306379, 285973, 308311, 291050, 417475, 367207, 272015, 285324, 365884",291
"291010, 395585",292
"345093, 283526, 237177",293
"348663, 306033, 439516, 308338",294
"334636, 333853, 354399, 347408, 271935, 373836, 348618, 272265",295
"334737, 310081, 341695, 272765, 275023, 157107, 252143, 157651, 157650, 157652",296
"354901, 249668, 235489",297
"270007, 270006, 257977, 270008, 271983, 383573, 321828, 317794",298
"349237, 368268, 368266, 406106, 335535, 373080, 350723, 373079, 373082, 368063, 373081, 309204, 355655, 368065, 409278",299
253963,300
437530,301
"345560, 209727, 303522, 228155, 431219, 212232, 280305, 309438, 273300, 303512, 359431, 291014, 209726, 335182, 334126, 334133, 334134",302
"281701, 306350, 268231, 319076",303
"393300, 266430, 309472, 315113, 334016, 269687, 251784, 243039, 358129, 378774",304
"273052, 217604",305
"265061, 326368, 292878, 334740",306
"336554, 355547, 344502, 365786",307
"319257, 319255, 368466, 367880, 273513, 367879, 367878, 293446, 293448, 390668, 319256, 352618, 350999, 351000, 293447",308
347777,309
"309469, 310083, 421511, 291039, 348647",310
"322258, 381229, 203072, 291755",311
"332119, 367828, 391156, 348633, 312895, 428097, 435724, 435721, 365825",312
286418,313
"306368, 309482, 371855, 387377, 337382, 337827, 353961, 375850, 343463, 402116, 290255",314
386291,315
"37322, 377243, 377241, 377240, 377242, 145190, 318304, 143552",316
321819,317
349937,318
"319362, 333837",319
"433122, 321817",320
"270985, 40684",321
"366766, 317462, 348605",322
"297611, 309473, 235883, 389996, 334029, 334656, 320029, 279496, 268239, 334654, 348650, 281699, 420129",323
"309485, 267465, 271961, 283413, 273055, 373847, 283414",324
419325,325
"428247, 443308",326
"268179, 263218, 189134, 263217, 328750, 156417, 314067, 273056, 367360",327
"369398, 377405, 442663, 383264, 365790",328
391447,329
"313483, 313478, 313486, 313476, 313482, 185103",330
"324757, 433364, 373526, 373525",331
"258486, 258492, 285660, 258490, 275866",332
"400426, 417471",333
"348938, 381759, 348937, 348936",334
"270911, 288384",335
"266430, 309472, 315113, 334016, 269687, 243039, 358129",336
"283523, 272927, 149251, 329456, 273452",337
"409970, 409857, 429214, 429213, 429215, 415695, 429212, 433111, 433112, 398908, 428960, 389579, 396519",338
"367226, 426882",339
441891,340
"313445, 343748, 398995, 386873, 339567, 313444, 401535, 339566, 426335",341
279830,342
"366921, 266301, 272813, 348634, 365811, 442988",343
265981,344
"439782, 380673, 318467, 439779, 350666, 372031, 343448, 359373",345
"372422, 371797, 437506, 281873, 206269, 263710, 294822, 244069, 235492, 240510, 426693, 366922, 342884, 227305, 242403, 232856, 244676, 233984, 238798, 360268, 253627, 257902, 329478, 342886, 259821, 287775",346
"326031, 313525",347
"287337, 309178, 420262, 313778, 334732",348
"139598, 139656, 138351",349
"363620, 267903, 271438, 233523",350
"429481, 419957",351
291037,352
290542,353
"364931, 421408, 419022, 361789, 409185, 422109",354
"312883, 438567",355
"291059, 308334, 365878",356
"336471, 336470, 336467, 336468, 336466, 336472, 336469, 336474, 392582, 291820, 327010, 346687, 271167",357
"211205, 303521, 271775, 255479",358
"240762, 342195, 341529, 240757, 145193, 248361, 145187, 227540, 229798, 145192, 227539, 398385, 227533, 240756, 287283, 145191, 227534, 227532, 432508",359
"181591, 253955, 272264",360
"362451, 163325, 273490, 350296, 272258, 350281",361
"145942, 273555, 140405, 273552, 140408, 346991, 271278, 139876, 273557, 140406",362
"270984, 372671, 306208, 306366, 378208, 276443",363
138370,364
"175544, 188675, 177780, 188674, 181677, 396233, 218687, 175543",365
"274021, 335490, 308973, 308980, 331504, 326396, 347409, 267736, 319433, 367221, 348629, 365908, 365806, 309611, 309613, 309615, 309616, 309617, 366323",366
"340603, 403198, 340601, 340602, 440119",367
"368019, 363051, 378768, 347370, 392637, 354431, 425057, 440118, 421917, 421916, 421918",368
343314,369
226482,370
232103,371
"385691, 270981, 271402, 372671",372
274799,373
"332119, 367828, 391156, 312895, 306518, 428097, 435724, 435721, 385706, 365825",374
293393,375
248910,376
"365875, 325279, 338848",377
"318320, 303488, 242680, 276336, 365910",378
"437885, 336375",379
"303517, 273156, 274803",380
"430685, 338905, 430686, 430904, 430687, 286053, 307613, 430684, 286240, 293084, 307730, 335646",381
"384009, 352137, 379667, 379707",382
"147379, 140132",383
"332158, 376860, 272081, 293518, 420119, 283291",384
272805,385
444458,386
"217883, 343311",387
"141584, 165540, 273559",388
"272771, 333623, 208127, 348646, 365814",389
"331899, 361828, 428313",390
"424438, 404491, 404490, 437677",391
272264,392
"281698, 334741, 271318, 273459, 170533, 236207, 325278, 189470, 316248, 256340, 295529, 248892, 244351, 247389, 247388, 247386, 247387, 326935, 269744, 261702, 378767, 365832, 295883, 257607",393
"366170, 305411, 272029, 339377, 283776",394
283525,395
"274990, 393628, 343454",396
286267,397
"270984, 372671, 306208, 306366, 271247, 378208, 276443",398
"249667, 225260",399
"352133, 292432",400
"295523, 370722",401
422472,402
378761,403
349389,404
"238245, 267457, 326366, 334202, 333795, 334262",405
"272019, 377283, 203605, 343430, 341342",406
"152861, 149724",407
"351529, 326086",408
359320,409
"373549, 373550, 373551, 303840, 303838, 303839",410
"408776, 433588, 433589, 433590, 395845, 303491, 334124, 309984, 382568, 353432, 335444",411
"403238, 411879, 428708, 399792, 418049",412
"426893, 328123, 406297",413
"334522, 263156, 263728, 326364, 271967, 326742, 336608, 373842, 348608, 272796",414
"141439, 184795, 356807, 356809, 356808, 356805, 356806, 141440, 138348",415
"373587, 411869, 367784, 377659, 420416, 403078, 373586, 411870, 425173, 437321, 373588",416
"333830, 309441, 308875, 159533, 273014, 308874, 296099",417
389105,418
"347544, 326476, 435804, 320586, 312894, 425576, 348648",419
423208,420
"343021, 193440, 291671, 291083",421
"268179, 168587, 263218, 156417, 367360",422
"410269, 373007, 388984, 412734, 360995, 337691, 382565",423
"273683, 266243, 282857, 271936, 273691, 273694, 430301, 273687",424
"147130, 272079, 142086",425
"388756, 318179, 359429, 388757, 318186, 388755, 318187, 388758, 271012, 178624, 400959, 346738, 388759, 388760, 414997, 414989, 414999, 414998, 276444",426
336159,427
"236700, 265059, 274933, 334895, 309452, 270451, 273012, 271627, 348616, 271876",428
"441142, 368719, 419169",429
"286393, 439461",430
"330023, 378766",431
"253192, 387883, 387882, 267462",432
"386873, 339567, 339569, 339581, 339566, 426335",433
"273465, 260146, 273660",434
"323217, 272932, 295514",435
295517,436
348622,437
"181591, 253955, 300064, 272264, 306288",438
440511,439
"424520, 424514, 417467, 417480, 443580, 322893, 427463, 417687, 400141, 322895, 322890, 429485, 322891, 383710, 337188, 337190, 380608",440
"274992, 138366",441
"439304, 397368, 416674, 398159, 397609, 439303, 394548, 394547",442
"428380, 359228, 314838, 314531, 405937, 404195, 415005, 315734",443
"342238, 349833, 323220, 400988",444
"383265, 258611, 304299, 258613, 258612, 354426, 378289",445
"155575, 319437, 376112, 253011",446
"370332, 438537, 370376, 408030, 370241",447
"355999, 381225",448
"186541, 243204, 243205, 306502, 384151, 365818, 243206",449
"337367, 334536, 369306, 292147",450
"309461, 267453, 271934, 219565, 352673, 270447, 348645, 365833",451
"368268, 368266, 406106, 373080, 349237, 373079, 373082, 368063, 373081, 368065, 350724",452
"359672, 352065",453
"220035, 291174, 308332, 273441, 264122",454
"142936, 311293, 138397",455
"426134, 375424, 399808, 433312",456
348609,457
"377285, 335453",458
"321990, 322824, 169033, 321987, 321989, 321986, 175126, 321991, 329401, 333114, 321992",459
314271,460
"309497, 293785, 287064, 299211, 312921, 238989",461
"334634, 272782, 274247, 358512, 381794, 269754, 364631, 221443, 281698, 325278",462
316559,463
"373637, 428503, 374859",464
139606,465
"306301, 375526, 328269, 285657, 271933, 273488",466
333624,467
"316246, 439457",468
273515,469
444465,470
"305908, 305907, 439309",471
"309486, 422661, 336553, 354624",472
427190,473
"216490, 140365, 177125, 177127, 177126, 164445, 154647, 128029, 134875, 154650, 205982, 205983, 154649, 139962, 153823, 153822, 180712, 205981, 154651, 154648, 154652",474
190858,475
"430874, 430871, 433198, 430870, 430872, 430873",476
"336481, 336478, 336475, 336480, 336479, 336476, 336477, 336482, 291820, 337385, 327011",477
"327009, 331250, 416441, 426202, 343432, 348550, 329314",478
"385691, 416353, 270981, 271440, 349452, 349453, 349454, 349455, 155643, 345438, 345061, 274932, 155645, 138802, 308972, 180261, 180789, 279777, 138800, 138801, 427154, 427155, 427151, 427152, 348617, 219423, 273598, 271402, 385698, 309611, 309613, 309615, 309616, 309617, 372671",479
"377623, 243687, 292802, 151057, 265061, 326368, 352224, 271948, 319383, 273053, 377806, 319693, 309593, 232013, 153902, 319802, 258197, 303518, 374658, 430700, 274694, 326770, 309589, 319905, 269829, 410398, 317996, 330990, 317137, 181257, 309453, 348161, 110881, 309590, 372854, 319168, 195552, 334820, 309594, 213215, 365987, 139181, 247981, 317998, 312812, 312813, 367693, 354725, 346583, 319904, 294815, 401308, 139036, 397605, 309595, 405458, 209361, 403627, 352147, 144606, 368945, 430701, 263384, 429327, 419211, 418701, 403628, 369673, 292878, 420388, 240864, 405411, 363010, 397604, 334740",480
"374060, 365783",481
"137963, 198406, 419783",482
341262,483
"345615, 344231, 345029, 367236, 344232, 395905, 416666",484
"353120, 353119",485
"423158, 423160",486
"384008, 393232, 367208, 360239, 378760",487
"264631, 372688, 367073",488
"325197, 328886, 291137, 377289, 366917, 343466",489
"350031, 403665, 355121",490
"371791, 365535, 344107, 417455, 372377",491
"137963, 419783",492
"345093, 268232, 319074",493
"444344, 365781",494
343443,495
"334653, 272762",496
"330990, 317137, 368945, 420388",497
"363051, 392637, 354431, 425057, 440118, 348867, 368018, 421917, 421916, 421918",498
348636,499
"205488, 270442, 222524, 396376, 221244, 272548, 181299, 166732, 309598, 279828, 173321, 181300",500
"381987, 363690, 366174, 295693, 295692, 400169, 295690",501
"315724, 223944, 267891, 232970, 308163, 306198, 245105",502
"220157, 220171, 220167, 417236, 294638, 417887, 336628",503
"236856, 138495",504
"357969, 359324, 332119, 336655, 367828, 357725, 333825, 391158, 391159, 391156, 391157, 271285, 353226, 347397, 312895, 348594, 352844, 306518, 306519, 353225, 330418, 433888, 432111, 435724, 325823",505
"405581, 411990, 399927, 433698, 409631, 409632",506
"338648, 270355, 242114, 271509, 309481, 363524, 337481, 287067, 270354, 270360",507
211205,508
363519,509
"225614, 440890, 335831, 439125, 335830",510
"371856, 412886",511
"281367, 354290",512
"397256, 425319, 370191, 312548, 307389",513
161961,514
"276653, 276652",515
"359012, 238243, 309359, 287070, 340934, 319443, 338416, 348606, 271761",516
"389592, 351319",517
"435742, 392835, 383934, 417462, 383266",518
"238246, 273451, 151359, 138367, 273449, 266302, 273450, 291029, 150912, 444560",519
144323,520
"309473, 235883, 389996, 320029, 281699",521
"273515, 158859",522
"347612, 359070, 399810, 399811",523
"270431, 266242, 272080, 329170, 272020, 326745, 271273, 348557, 271750, 270441",524
"318649, 318648, 367183, 358746, 358745, 358744, 358743, 358748, 443045, 318647, 358747",525
"348465, 321695, 368371",526
338574,527
359371,528
"440075, 299469, 339529, 368428, 337271, 340191, 337270, 341003, 339423",529
"368268, 368266, 368276, 406105, 373080, 373079, 373082, 368063, 373081, 368065",530
"179955, 322265, 273054, 321833, 287066, 275559, 275560, 274998, 147834, 271746",531
"334015, 352064, 334123",532
340231,533
287052,534
"368268, 368266, 406107, 373080, 373079, 373082, 368063, 373081, 350725, 376870, 368065",535
"419018, 386730",536
219829,537
"291031, 201036",538
"183950, 252070, 52314, 66604",539
"430773, 444460, 405083, 420258, 362863, 366266, 414762, 367211",540
"159533, 273014, 296099",541
"392091, 437884, 8175, 393295, 142931, 138949",542
437375,543
437894,544
"343877, 363444, 429512, 363451, 363448, 284834, 363447, 347855, 285662, 341951, 284835, 363446, 363449, 338421, 343878, 300084, 363450, 336887, 336886, 366175, 356709, 363445, 286345",545
"214147, 322268, 221012, 285589, 221015, 386016, 386017, 385830, 169742, 195745, 214846, 196792, 186792",546
"213214, 192564, 192565, 192571, 194436, 192570, 192566, 192568, 192569, 192567, 192572, 192552, 192550",547
274994,548
145527,549
"392840, 329296",550
335339,551
"338415, 345453, 380926, 392090, 345454, 365312, 373386, 414726, 312487, 312488, 312468, 426886",552
"377075, 403184, 372685, 372684, 321581",553
367231,554
"325278, 334742, 318236",555
"420393, 410889, 402960",556
267745,557
"337693, 272758, 275027, 282921",558
"257701, 292606, 304990",559
437996,560
406384,561
"20229, 271845",562
"372975, 374891",563
"437897, 272812",564
"413399, 414453, 349080, 378762",565
283524,566
"328429, 328430, 430148, 328425, 328426, 431629, 328427, 328428",567
"145386, 204969",568
"279947, 299182",569
144324,570
"334640, 363814",571
208126,572
"309475, 291022, 177124, 182275, 378776, 348651",573
"380228, 417451",574
156805,575
"382034, 382033, 368266, 373080, 373079, 373082, 368063, 373081, 368065",576
"440767, 352242, 352244, 440768, 352243, 443070",577
"291049, 347545",578
379389,579
"139772, 368085, 81172",580
"267351, 325279, 196018, 196017, 268396",581
"377306, 424807, 441906, 441908, 417479, 434330, 293990, 441913, 441903, 288843, 442189",582
"337156, 359068",583
"314281, 314280, 372971, 326361, 439515, 367225, 344501",584
376388,585
"399943, 273558, 280966, 145942, 140408, 306290, 173657, 399098, 365835, 365837, 365755, 434492, 346990, 439447, 434493, 243110, 273551, 273549, 140409, 271278, 431245, 331315, 139876, 273592, 365838, 273557, 360479, 182444, 182448, 140406, 140407, 141863, 140260, 140259, 393266, 20890, 192180, 139613, 140404, 138407, 139612, 425760, 193277, 151252, 369439",586
363205,587
"271931, 282710, 367087",588
"297590, 297591, 243234, 243235",589
"145942, 346990, 238496, 182441, 140409, 271278, 431245, 273557, 140406",590
"352419, 163008, 163007",591
"334739, 323218, 314737, 440121",592
"405689, 407458, 340005",593
260559,594
"322280, 301973, 207566, 216039, 216166, 216137, 192980, 285935, 285936, 285932, 285937, 285938, 289079, 285939, 285940, 285941, 289078, 351158, 285942, 286525, 285943, 286528, 243124, 285949, 285950, 285951, 243125, 285953, 260558, 260556, 260555, 260557, 289067, 289072, 285946, 286530, 434344",595
"267467, 348620, 337695, 343461, 367360",596
427103,597
"297598, 297593",598
431623,599
"403368, 309101, 281990, 322821, 271481, 252706, 289385, 281993, 252704, 271482, 252707, 263870, 173295",600
272765,601
139601,602
"366176, 381313, 363146",603
"428402, 429822, 312374, 352313, 312375",604
361828,605
"306447, 306451, 306452, 306449, 306456, 306446, 306454, 306455, 306458, 366177, 388173, 418057, 325693, 306448, 429489, 371779, 371781, 371780, 306453, 387740",606
"225436, 239882",607
296099,608
"283777, 325163, 326149, 328412",609
328201,610
318306,611
387376,612
"291144, 157806, 156801",613
"202757, 309499",614
"295522, 352421",615
"211095, 437900, 276842, 186445, 271932, 268229, 326251",616
231852,617
"139598, 139656",618
145257,619
"385650, 354818, 307688, 352360, 358850, 393099, 354811, 354813",620
"417476, 380233, 367232, 417478, 378209",621
"274997, 358723",622
"272222, 351949, 351951, 351948, 273581, 249553, 328141, 260865, 272778, 356859, 351950",623
"372734, 309436, 321231, 333841, 348514, 374816, 372737, 333840",624
"323218, 360157, 310079, 314737",625
"180741, 272809, 178593",626
"431949, 271972",627
"339384, 221380, 357747, 196082, 194814, 304991",628
285320,629
"170724, 295528, 271968, 271316, 271425, 272272",630
349193,631
198816,632
"296776, 273350, 286591, 430823, 392706",633
"361863, 272843, 274772, 170113",634
378777,635
"180811, 297602, 172882",636
"324563, 388577, 365445",637
"357009, 322452, 322450",638
329849,639
340054,640
"435359, 435041",641
142937,642
297571,643
"318076, 341238",644
"148678, 271966, 148679, 209652, 148677",645
348556,646
"332119, 367828, 391159, 391156, 312895, 306519, 428097, 339367, 359554, 435724, 435721, 440132, 365825",647
"366923, 283027, 291054",648
"287274, 197139, 239521, 197140",649
"420391, 428240",650
"334522, 263156, 326364, 373842, 348608, 312375, 385696",651
"238243, 309359, 287070, 340934, 319443, 338416, 348606, 271761",652
"368268, 368266, 406106, 406107, 406105, 373080, 373079, 373082, 368063, 373081, 420037, 368065",653
"363148, 381080, 310078, 344856, 343442, 348546, 365829",654
"309491, 284245, 271374",655
406094,656
"372422, 371797, 294822, 342884, 242403, 360268, 253627, 257902, 329478, 342886, 259821, 239126, 287775",657
"368266, 373080, 373079, 373082, 368063, 373081, 368065",658
"372671, 306208, 306366, 378208, 276443",659
"183351, 274250, 275983, 320952",660
"299157, 299158, 293942, 233072, 242226, 362978, 362980, 246984, 242224, 259454, 370196, 370195, 370197, 362979, 362981, 362982, 246981, 232875, 259449, 246985, 242225, 259453, 205487, 246982, 232876, 259451, 246983, 232877, 259450, 306582, 206974, 332135, 299168, 299167",661
"160439, 335007",662
"392582, 291820, 337385, 271091, 327011, 245003",663
"358908, 374061, 425672, 358906, 368015, 398681",664
403624,665
"139598, 139656, 138370",666
444316,667
"352529, 379198, 348555",668
"435549, 366718",669
"272955, 272956",670
"366170, 305411, 272029, 339377, 339378, 283776",671
"357969, 367828, 391158, 391160, 391156, 428097, 435724, 435721",672
272806,673
"364771, 364772",674
288426,675
"417465, 389215, 422658, 400174, 444176, 389214, 422656, 422657, 400175",676
"361864, 361866, 1769, 287063, 431156, 403101, 373387",677
"226539, 191816, 153476, 226540",678
"325888, 325887",679
"404055, 423589, 404054, 404052, 404053, 404051",680
262052,681
"270448, 271951, 348628",682
437376,683
325441,684
142602,685
"264012, 270431, 309365, 339391, 326745, 348557, 271750",686
"316032, 361569, 323227, 326392, 326938, 419873, 410647",687
"309494, 306403, 181589, 185098, 272263",688
361162,689
274937,690
"280305, 335182, 261540, 420122, 334126, 334133, 334134, 345560",691
"235426, 186848, 273001",692
"163054, 142123, 149788, 164850, 182190, 163211, 408347, 184856, 273491, 272839, 185382, 179614, 175982, 149784",693
145529,694
"326244, 329412",695
"315724, 212760, 267891, 308161, 308163, 308164, 326327, 306198, 414755, 223313, 290479, 245105, 188061, 354926, 257271",696
"361205, 369470, 403144, 435728",697
"444345, 374564, 312897, 442104, 326749, 402795, 332735, 359668, 426775, 382559, 430093, 350984, 365828",698
366692,699
"355379, 377476",700
"397396, 414731",701
337384,702
138427,703
140526,704
"312228, 321746, 273180, 213892, 243388, 273181, 273179, 273178, 441757",705
"270432, 303580, 271280, 271938, 271847, 365883, 271848, 253563",706
"439500, 424510",707
"344975, 344978, 344977, 344976, 344686, 260508, 337510, 277429",708
401522,709
188689,710
371995,711
"281135, 251509, 281134, 245424, 251510, 251511, 425135, 281136",712
267460,713
"429536, 425308, 425311, 440241, 440246, 440247, 425310, 425309, 425313, 425537, 440243, 425314, 440248, 440752, 425312, 440238, 440239, 440240, 440245",714
"209278, 210866, 210867, 209173",715
"398663, 381307, 357542",716
"348623, 348622",717
"252146, 309466, 271957, 273485, 425866, 425865, 255694",718
"318663, 365818",719
"309458, 210309",720
"375508, 352306, 352415, 352298, 352299, 352300, 352307, 352301, 352302, 352303, 352305, 352416, 352417, 352304",721
"287729, 257268, 257309, 257301, 256913, 220842, 242342, 231414, 257311, 279983, 287727, 258646, 296159, 231412, 257310, 264490, 214658, 243210, 317905, 231413, 257308, 257300, 284078, 372253, 336036, 336038, 351291, 325506, 332428, 431260, 420178",722
"358028, 271965, 344568, 416769, 365836",723
"302628, 329848, 344793, 428184, 240120",724
"138801, 427154, 427155, 427151, 427152, 274806, 270448, 271426, 271951, 219262, 378764, 348628, 309612, 309613, 309616, 309617, 366323",725
"332158, 376860, 272081, 293518, 420119",726
"401540, 401541",727
"341952, 338417",728
"355956, 313297, 307037, 265981",729
"328887, 347410, 321717, 355548, 309451",730
"372026, 334813, 365788",731
395957,732
419428,733
424199,734
"274078, 272995, 420124, 267459, 333836, 271396",735
376145,736
"267453, 270447, 348645",737
"170112, 361863, 272843, 274772",738
"349034, 327314, 367149, 284683, 281930, 296446, 252486",739
"426759, 423082, 424454",740
"320991, 415119, 320993, 321258, 424906, 321311",741
433690,742
"437893, 143351",743
"356223, 389701, 389702, 403247",744
"240197, 302779, 281842, 281844, 281845, 243114, 281865, 261727",745
"336159, 378573",746
153329,747
"352306, 352415, 352298, 352299, 352300, 352307, 352301, 352302, 352303, 352305, 352416, 352417, 352304",748
"184761, 138435, 188987, 150919, 173295, 207317, 141682",749
"439079, 291818, 374902, 291795, 291796, 291820, 327013",750
"140888, 152861",751
"272810, 138571",752
211880,753
"138882, 138881, 274248, 275556, 138883, 161323",754
270266,755
"428486, 352422, 416236",756
"359669, 320378",757
"387377, 337827, 402116",758
255757,759
"435993, 330530, 268402, 330012, 330527, 330523, 276977, 332923, 272011, 330009, 330013, 330014, 367330, 364619, 364775",760
"258702, 194226, 225371",761
"327400, 375891, 340552, 350958, 340553, 340554, 350379, 354403, 354404, 357143, 362728, 368259, 374037, 380098, 252274, 252268, 251306, 272851, 274243, 202508, 202509, 252272, 252273, 252629, 252275, 252630, 252631, 202510, 252269, 252625, 258122, 252623, 252270, 251344, 252626, 202512, 252622, 252627, 252624, 251305, 251307, 252276, 252271, 258121, 252628",762
272508,763
"427450, 440124, 440130, 427449, 427448, 427447",764
"277254, 273351",765
"438565, 313595, 235426, 420266, 186848, 273001",766
279734,767
"248128, 313596, 199249",768
