"427367, 370074, 375783, 427696, 427697, 377179, 364339, 358525, 427693",0
,1
"368966, 433207, 368158, 426978",2
"365186, 367749, 367751, 312632, 310777, 380753, 250337, 312635, 236232, 298195, 297586, 226868, 310773, 231934, 300402, 310754, 312638",3
"315895, 332157, 336970, 362201",4
"368867, 441634, 426129, 343598, 345692, 367466, 326431, 374597, 342031, 434489, 392622",5
"317189, 380299, 406001, 401513, 427367, 427564, 322281, 427563, 265081, 395612, 339849, 241497, 311247, 312319, 332774, 427565, 428401, 419696, 255681, 370074, 427573, 400568, 375783, 427696, 296298, 427697, 346129, 377179, 218127, 427574, 427576, 428037, 408591, 265083, 427577, 427695, 265084, 427578, 427579, 364339, 401114, 427580, 358525, 352525, 230241, 247030, 387809, 406019, 440206, 433855, 427581, 381423, 230123, 202825, 226297, 416029, 427689, 427690, 427693, 390472, 422435, 365385, 427691, 273473, 279345, 427694, 428511, 359145, 365384, 231965",6
"407813, 299490, 122328, 132430, 188886, 339076, 409927, 179404, 210039",7
226840,8
365137,9
"401141, 193065, 245664, 244827, 356510, 346618, 262722, 378849, 365137, 232394, 263778, 292800, 401144, 368827, 275756, 401139, 401140, 401143",10
"380753, 338400, 354666, 402550",11
"368867, 426129, 343598, 345692, 367466, 326431, 374597, 342031, 434489, 392622, 404444, 421984",12
396802,13
"368867, 343598",14
"117145, 227688, 151546, 123262, 280500, 327916, 190581, 199869, 419703, 163247, 224686",15
280833,16
"178656, 231506, 256951, 264104, 110926, 132477, 139160, 150083, 166589, 190225, 193585, 214005, 234163, 179205",17
"256549, 214463, 130655",18
"256951, 232298, 295953, 264228, 225704, 245744, 238620, 293240",19
"276229, 262151, 199727, 279304, 211731, 221033, 232176, 232087, 237663, 205121, 211732, 211733, 212879, 204984, 242277, 223555",20
"356743, 381603, 305954, 375216, 305950, 368378, 366202, 305955, 368377, 294546, 350921, 381605, 303298",21
110926,22
"309116, 348601, 202976, 310215, 196339, 186069, 274383",23
"201381, 138329",24
416403,25
"418446, 295927, 318351, 256377, 312736, 297911, 245845, 274532, 297660, 245846, 386776, 386781, 275277, 310118, 313790",26
"402665, 402666, 306152, 306151, 407830, 380753",27
"286594, 290036, 290075, 298015, 438533, 290071, 293208, 289559, 275532, 308918",28
"232298, 236902, 292592, 240522, 216788, 414098",29
"209574, 232917, 283177, 165023, 208364, 380917, 181084, 325490, 262711",30
"264228, 359451, 293240",31
"379286, 327293, 235542, 288607, 317014, 432297, 326045, 276291, 316188, 238530, 275585, 301760, 348234, 239330, 216556, 340953, 215510, 247404, 209728, 291559, 318023, 298128, 242088, 228778, 340035, 340036, 267974, 372720, 318833, 252899, 305512, 251733, 324765, 420615, 272752, 318022, 328627, 305517, 237424, 405995, 224363, 347147, 226690, 284354, 305509, 241622, 397102, 394077, 405996, 293271, 309374, 354504, 415432, 333025, 260311, 302213, 244145, 279196, 247331, 257240, 248199, 305518, 405997, 280714, 249772, 382510, 262754, 382509, 254122, 255900, 414602, 281541, 414695, 428879, 428880, 347149, 208545, 347148, 212734, 252896, 398893, 398891, 377055, 245815, 377056, 429274, 308592, 428491, 233977, 327294, 424487, 210025, 252897, 237234, 358212, 225563, 358213, 366215, 366213, 286257, 264459, 230510, 266377, 247718, 219054, 271056, 321101, 297471, 221725, 297200, 305513, 295594, 369493, 391772",32
"439816, 349330, 341254, 430008, 336817, 349092, 330677, 382350, 338841",33
"374676, 431220, 334486, 336276, 334485, 287220, 334483, 272638, 428335, 330149, 241386, 431218, 272637, 309977, 361193",34
"330260, 330268, 330276, 349753, 383414, 368600, 239292, 319418, 239291, 312891, 330275, 246285, 236503, 349581, 299653, 357218, 283861, 257999, 240993, 239290, 224899, 283862, 402489, 224897, 349579, 349578, 370264, 281285, 349580, 349916, 307612, 246284, 224898, 276939",35
"149890, 349169, 356035, 161317, 280885, 184895, 150740",36
"339017, 290448, 368895, 300580, 290837",37
"178656, 317189, 289400, 231964, 189623, 186236, 231405, 307822, 190049, 286020, 183682, 247797, 179417, 184018, 185922, 211082, 237163, 443274, 234593, 210145, 237167, 249576, 307008, 166842, 398047, 204814, 175844, 309312",38
"277519, 144763, 176130, 130704, 416403",39
"304453, 397438, 318010, 304458, 346071, 363533, 397434, 287521, 397437, 388973, 263711, 426268, 366469",40
"423418, 418816, 414502, 404069, 405208, 412229, 429384, 422740, 404497, 423177, 422053",41
"364019, 374339",42
350373,43
"289057, 297973, 289405, 382190, 297972, 332397, 332390, 259996, 319420, 292794, 437203, 261142, 289056, 319419, 334946",44
"256549, 214463, 360226, 364100, 130655, 193823, 202174, 248929",45
"430036, 428620",46
"410291, 442523, 442524, 442728, 442525, 442729, 436904",47
"405724, 430260, 388330, 315981, 438671, 299049, 289222, 365913, 398039, 300878, 333748, 372718, 333154, 411367, 411368, 303708, 413236, 357957, 417417, 316224, 426008, 368736, 291432, 363709, 340900, 383818, 422976, 356075, 366645, 386959, 316694, 374986, 316695, 439508, 347813, 361485, 360060, 330615, 370237, 315896, 288794, 343017, 339711, 314028, 306430, 347812, 294306, 295782, 345587, 335739, 342671, 316696, 369039, 391675",48
223555,49
"362719, 363358",50
261526,51
321238,52
"263920, 359053, 323114, 440715, 329301, 392844, 313599, 276104, 332385",53
"412693, 374250, 351611, 422141",54
"286086, 69178, 292912, 12382, 159761, 270125, 291423, 40688",55
"368114, 343277, 385318, 424016",56
"434227, 256988, 330153, 376428, 411558, 434955, 435358, 374972, 425623, 374971, 260936, 372432, 429775, 256987, 256972, 374590, 434938, 375366, 256986, 256985, 372781, 372782, 372783",57
334483,58
"154204, 322816, 160803, 166187, 245932, 272699, 248951, 183531",59
"297528, 211238, 218791, 272077, 286574, 328657, 328395, 283833, 283832, 266237",60
"278241, 278431, 296981",61
"174506, 174849, 311901, 174801, 193898, 174388, 350961, 310026, 175100, 286883, 365507",62
"59158, 113413, 37235, 292850, 242392, 131403, 150732, 132592, 242391, 109012, 43018, 242390, 166463, 85704, 183316, 242388, 39090, 103182, 39256, 242389, 130847, 242350, 240737, 73833, 83697, 38641, 279703, 103183, 38733, 114557, 73500",63
"406500, 405827",64
"287670, 376880, 309222, 328319, 283766, 327987",65
301771,66
"397067, 405786, 432656, 284466, 306634, 279067, 338349, 245392",67
"137136, 168703",68
"326177, 238724, 320780, 238742",69
"363616, 210674, 363618, 255823, 283094, 206547, 241533, 229987, 206548, 363617",70
"134380, 142580, 143065, 149801",71
"344429, 22355, 178656, 95670, 102696, 198280, 69179, 147580, 25031, 88491, 58708, 422757, 37397, 344428, 232004, 38997, 19319, 190505, 399611, 285448, 131184, 131458, 123122, 78727, 108668, 147932, 29416, 108667, 181971, 111144, 55201, 84462, 358526",72
"437940, 430027",73
"257590, 333108, 316597, 269259, 264019, 386375",74
391913,75
"40387, 65996, 86455, 132772, 86456, 87641",76
"371943, 316190, 349388, 296519, 316191, 313600, 338013",77
"290834, 274782, 317980, 329073, 304626, 295660, 432453, 430463, 330372, 327244, 293647, 296152",78
"374339, 356205",79
"193148, 256676",80
"315328, 286594, 290036, 290075, 290071, 289559, 275532, 308918, 214309, 399093, 405822, 369806, 422869, 428358, 206565, 297933, 233895, 257694, 233019, 233950, 286274, 432738, 234742, 223119, 329967, 264712, 234131, 368867",81
"194901, 226836, 205902, 180621, 180622, 175213, 194900, 218254, 205903, 167886, 265523, 299775, 181688, 181690, 226837, 278326, 251227, 181629, 167883, 199911, 167889, 226839, 218255, 177087, 251229, 167885, 194902, 205904, 205900, 218253, 175214, 194903, 241827, 181689, 205905, 226838, 299773, 199909, 175212, 167888, 167887, 181621, 167884, 251230, 177088, 316533, 194897, 199910, 251231, 299774, 175211, 251066, 177086",82
"201553, 135103, 160683, 220660, 203186, 172404, 182375, 172620, 239941, 139596, 227882, 133500, 218120, 178866, 186860, 149085, 237730, 218982, 206988, 147739, 190021, 157482, 225576, 137863, 152314, 136147, 206989, 180303, 246523, 269306, 144640, 212398, 175436, 142727, 164314, 366785, 212399, 249769, 186862, 143694, 235539, 219662, 213269, 245351, 189314, 162359, 156112, 173909, 176426, 168823, 132005, 146243, 159073, 154544, 130806, 245339, 397298, 277132, 444919, 359797, 367786, 378175, 419789, 345881, 299068",83
"216651, 216650, 216652, 216654, 216649, 216655, 292850, 234218, 247720, 263965, 329847, 271144, 109012, 311545, 393922, 210625, 257344, 39090",84
"307204, 311184",85
"291481, 157658, 217710, 164138, 226222, 164135, 342826, 342832, 278530, 219134, 362100, 366276, 164139, 364452, 383656, 404972, 226220, 226491, 422382, 265833, 293338, 216473, 276767, 431868, 325481, 217762, 404642, 379608, 404973, 276484, 400354, 342825, 219248, 381564, 219139, 395184, 275665, 368550, 135034, 135179, 257615, 286877, 325482, 400351, 377321, 422383, 226218, 219257, 383657, 217709, 374244, 135030, 216466, 215370, 182095, 374242, 278531, 427888, 395185, 374243, 427891, 135036, 219135, 424424, 195317, 216471, 358688, 353700, 217784, 277389, 219177, 217711, 187893, 420489, 135872, 219141, 325475, 135712, 135037, 390745, 136135, 400352, 420490, 381563, 400353, 135035, 135973, 136133, 136104, 136017, 410469, 416160, 226225, 216467, 377322, 216468, 413511, 293341, 429876, 216469, 219250, 164140, 226215, 391972, 431869, 226223, 216476, 362099, 286879, 277518, 276865, 219247, 375464, 404974, 424423, 136137, 164141, 135273, 413513, 390744, 263727, 291477, 371811, 368549, 371812, 406922, 135523, 219251, 164137, 164136, 219181, 276608, 226221, 416161, 285959, 413512, 413509, 226216, 286878, 375463, 353706, 336892, 172556",86
"145148, 92932, 270439, 242309, 40210, 66121, 34499, 394555, 161599",87
"294345, 235739, 264017, 257590, 293240",88
"167309, 220551, 176677, 199310, 226828, 176234",89
"335926, 293240",90
"419336, 439947",91
"420321, 401788, 402959, 430051, 431374",92
"231506, 315328, 257276, 282426, 290071, 289559, 275532, 308918, 214309, 399093, 206565, 297933, 233895, 257694, 233019, 233950, 286274, 432738, 382468, 234742, 223119, 218103, 245377, 250994, 329967, 283292, 264712, 234131, 368867, 283282, 215186",93
"40210, 66121",94
"217786, 184256, 136155, 190742, 152898, 154785, 131415, 125898, 133967, 135838, 375216, 179255, 146690, 104746, 171114",95
"178656, 189137, 265492, 281326, 245273, 245233, 281327, 265493, 265495, 261319, 245262, 244192, 245275, 307734, 245277, 281328, 245249, 245241, 245248, 245242, 245270, 258616, 245251, 238420, 245263, 245246, 281329, 245236, 245238, 245265, 242395, 243535, 245254, 245231, 265491, 245235, 245258, 245244, 243286, 245255, 242396, 281330, 256798, 281331, 245269, 281334, 245256, 243128, 258617, 245259, 245276, 245243, 256799, 281335, 245245, 281336, 245247, 245267, 245252, 245261, 245250, 245239, 245234, 265494, 265496, 226441, 401633",96
"385685, 433208",97
"443927, 246805, 272755, 365950, 264007, 274927, 363456, 334594, 364530, 364426, 365951, 343786, 318951, 274930, 318952, 353210, 222126, 420143, 420158, 274922, 420141, 196421, 212139, 287915, 228552, 223914, 244236, 278956, 388815",98
"383591, 332712, 337115, 365448, 438028, 393999, 425791, 434329, 394010, 394005",99
"122996, 146704, 134342",100
"583, 597, 3146, 370, 5754, 27759",101
"290448, 300580, 290837",102
"256951, 350461, 264153, 382252, 283302, 315049, 279161, 301254, 279160, 262936, 316777, 340392, 341949, 350462, 270364, 386071, 293473",103
"378291, 337306",104
"283362, 209574, 232917, 165023, 208364, 380917, 181084, 325490",105
"98989, 98607, 98608, 98880, 136095",106
385755,107
"247315, 262276, 154638, 110308, 111661, 231168, 368780, 378839, 92539, 130236, 127838, 166329, 99315, 156119, 231167, 83445, 133993, 164649, 140098, 138187, 134849, 329310, 131947, 132146, 164648, 164647",108
"204573, 242422, 242424, 269742, 157040, 210429, 264179, 162959, 170907, 149350, 336348, 336301, 336302, 336304, 189832, 179658, 286649, 270716, 220964, 168588, 239151, 263875, 175182, 249535, 256211, 238391, 168032, 270101, 213221, 336347, 156823, 156413, 180550, 258682, 336303, 350197, 162604, 299441, 336650, 132445, 150194, 304337, 272644, 144722, 339496, 185797",109
"232945, 186554, 249086",110
"438604, 354777, 438601, 440178, 438599, 426353, 361216, 307686, 402686, 401734, 310175, 432907, 438625, 401727, 354775, 438609, 354817, 382625, 432909, 354779, 438608, 354778, 354776, 350612, 438606, 383418, 383419, 438833, 438600, 307687, 310177, 401964, 354824, 401729, 438602, 307683, 307684, 401724, 401731, 401763",111
"197697, 298058",112
"249122, 248872, 273938, 280470",113
"418217, 255588",114
"441341, 290975, 244358, 172659, 255743, 266238",115
380061,116
"105136, 141648, 85905, 43539",117
366201,118
"356120, 285235, 343489, 298909, 248492, 248491, 248493, 274418, 312753, 304625, 289464, 274783, 371958, 286548, 295038, 330371, 327245, 265125, 290834, 274782, 293647, 296152",119
"418446, 274795, 297996, 355872, 372608, 302483, 308105, 386803, 267325, 266659, 267408, 321718",120
"381137, 364636, 377971, 433367, 246431, 257636, 350883, 350886, 381446",121
"431236, 329362, 431228, 359844",122
"256951, 162647, 245169, 264045, 261369, 141816, 140936, 205504, 426427, 245170, 147380, 393513, 144058, 402078, 426426, 163572, 163742",123
"265125, 190798, 247806, 210164, 274240, 210163, 253275, 248494, 234362, 249301, 247805, 236824, 342178, 327613, 327614, 301401, 331669, 377461, 441365",124
43490,125
"171915, 172592, 66098, 347307, 41105, 285887, 285888, 90850, 416002, 415317, 125403, 238623, 192951, 39707, 228386, 416819, 110831, 137166, 177903, 104557, 365192, 365432, 234892, 209358, 413562, 298055, 232452, 369536, 160943, 66690, 364019, 362517, 257673, 420298, 374339, 209431, 51811, 356205, 355958, 66682, 182822, 209357, 395840, 101665, 128915, 232930",126
"286086, 292912, 291423",127
34410,128
"419279, 363757",129
426753,130
"94284, 127061",131
"211907, 229123, 366473, 211904, 238890, 366471, 346078, 329520, 274203",132
"220913, 154842, 236930, 164167, 197586, 177182, 209686, 181817",133
"418446, 318351, 245845, 329652, 321742, 335320, 245846, 386776, 386781, 313790",134
"205611, 317189, 213293, 283739",135
"316630, 295353, 367926, 367925, 299597, 342189, 319895, 277721",136
"387809, 365385, 279345",137
"370657, 238617, 257570, 403195, 236608",138
"95802, 22821",139
"49743, 303949, 297784, 294765, 294606, 362228, 362227, 378715, 396948, 444517, 445086, 6356, 8845, 14183, 13925, 23189, 47687, 64119, 388407, 25612, 428373, 101082, 144896, 47686, 75825, 30930, 160732, 76727, 101081, 28474, 19898, 380094, 357255, 30929, 19983, 47689, 144455, 432962, 43259, 300185, 74493, 49738, 402182, 37388, 21030, 295404, 47487, 241614, 215829, 180660, 277021, 25193, 350243, 25300, 370716, 43572, 432961, 173627, 55209, 102158, 102527, 354438, 241613, 177580, 46935, 380160, 47486, 173628, 127224, 265670, 431737, 30928, 323505, 253437, 276720, 124565, 377428, 27040, 93448, 28806, 377429, 27520, 30725, 99690, 180203, 21031, 160731, 432963, 101083, 101080, 215828, 265669, 74712, 74681, 43242, 19993, 74713, 433077, 371789, 241612, 364170, 36377, 37326, 78386, 47491, 228375, 47492, 127421, 180659, 153187, 31544, 37325, 441893, 404915, 25487, 88245, 36481, 144894, 19992, 28896, 144897, 56602, 124564, 87173, 161883, 370713, 410683, 37302, 295405, 180658, 30830, 38261, 369100, 426615, 350995, 436228, 38746, 374247, 371445, 49732, 49748, 47489, 47493, 369752, 418248, 383305, 47485, 47209, 46481, 181400, 409330, 49750, 47488, 47210, 230351, 46827, 49740, 368154, 414516, 49736, 414750, 38745, 416230, 369753",140
"110308, 111661, 368780, 130236, 127838, 166329, 99315, 156119, 231167, 133993, 164649, 140098, 164648, 164647",141
"283819, 203184, 69035, 171915, 172592, 66098, 347307, 41105, 285887, 285888, 90850, 416002, 415317, 125403, 160673, 238623, 192951, 39707, 228386, 187740, 416819, 110831, 137166, 177903, 104557, 365192, 365432, 234892, 209358, 209419, 413562, 298055, 232452, 369536, 160943, 66690, 364019, 362517, 257673, 420298, 374339, 209431, 51811, 356205, 355958, 66682, 182822, 209357, 395840, 101665, 141918, 68281, 128915, 232930, 88046, 80435, 123095, 186885, 210658, 139778",142
"382190, 437203",143
"206944, 181693, 234335, 325037, 166410",144
"246805, 272755, 365950, 264007, 274927, 363456, 364530, 364426, 365951, 274930, 353210, 222126, 420143, 420158, 420141, 196421, 212139, 287915, 228552, 223914, 244236, 278956, 388815",145
"204573, 335926, 162179, 83404, 213292, 293240",146
"356821, 372544",147
"372781, 262720, 313314, 224654, 223782, 224479, 224653, 308603, 274087",148
"312514, 186151, 234094, 236854, 186987, 186381, 312515, 185743, 186844, 184904, 311177, 237497, 184186, 183660, 312513, 236206, 320518",149
"207812, 339951, 207816, 207818, 207820",150
"368867, 374597",151
232352,152
429445,153
"333536, 254470, 257662, 233378, 294309, 298963, 286265, 333621, 238527, 257661, 368867, 290834",154
"418446, 340235, 376879, 402966, 432282, 340234, 386774, 340233",155
"256951, 421137, 213294, 224198, 221824, 215603, 295466, 387517, 293928, 367802, 227990, 225039, 262581, 319890, 319891, 234198, 264856, 363088, 363092, 350213, 292037, 342140, 318899, 316876, 205611, 240994, 428507, 428506, 353668, 310511, 347651, 307032, 234643, 253443, 234644, 377424, 377425",156
"286086, 441800, 369570, 292745, 355604, 283102, 317124",157
"262004, 253733, 208305, 237962, 255258, 294542, 234213, 245646, 264718, 255259, 255261, 203464, 357337, 207105, 255260, 219787, 376919, 219788, 326886, 290345, 263674, 194794, 344719",158
"298729, 291459, 358854",159
"231506, 256951, 257590, 278814, 286383, 306920, 234158, 264018, 264233",160
"175754, 194291, 269734, 211347",161
"205666, 137136, 40849, 185403, 168703, 221935, 382181, 48791",162
"391984, 351916, 369312",163
"400823, 408223, 423519, 437555, 436059, 425315, 439741, 425316, 439740, 400825, 425063, 436864",164
"178656, 329281, 364690, 189661, 202453",165
349169,166
213437,167
"425774, 302884, 394559, 319272, 319273, 319274, 353862, 353864, 353865, 399215, 418782, 319080, 273353, 319315, 366050",168
"255584, 200427, 282955, 198025, 255243, 156755, 409497, 198027, 369431, 233899, 231374, 231376, 231369, 231370, 231371, 231372, 231373, 179025, 166702, 166707, 166704, 166708, 326885, 255240, 369454, 255245, 306504, 257613, 158957, 167549, 168401, 287290, 287286, 287284, 287289, 287287, 296450, 255242, 231021, 355648, 252679, 263667, 172403, 258592, 203074, 160970, 219507, 369652, 378589, 224182, 195557, 264077, 399092, 255244, 164343, 231375, 255241, 363017, 280383, 182075, 369151, 369150, 229721, 208503, 208501, 202247, 208502, 258810, 369456, 202862, 339751, 352237, 378739",169
"369485, 240307, 220837, 244183, 377975, 439958, 240369, 239756, 282149, 377896, 377801, 248708, 218388, 240299, 218386, 424902, 240393, 277075, 370574, 282154, 371326, 240313, 425700, 282160, 277070, 363138, 438927, 369492, 379640, 369513, 369564, 379641, 289791, 289794, 240310, 352936, 240342, 369437, 369364, 369961, 370890, 359413, 359075, 361076, 240367, 244179, 282783, 282780, 377463, 377356, 377296, 377421, 377197, 370800, 370396, 370666, 370587, 370338, 314377, 377196, 379400, 379401, 379460, 377503, 240392, 240308, 277027, 240336, 377514, 377499, 378471, 369137, 314932, 365846, 240523, 282156, 359599, 432529, 282153, 240353, 239762, 239754, 424903, 282157, 240309, 439117, 221378, 240350, 240524, 277073, 277077, 240328, 286356, 377174, 377116, 239755, 282148, 377604, 377650, 240614, 239765, 310723, 240391, 439128, 359508, 359598, 239768, 282146, 244279, 244281, 277071, 282159, 240303, 282150, 378749, 378037, 360733, 432571, 432572, 358949, 282158, 238614, 240305, 240351, 409973, 282784, 384182, 239752, 239757, 240386, 371043, 423358, 240352, 414319, 366434, 439323, 239751, 240385, 244187, 282155, 240300, 240304, 277076, 419395, 380374, 240348, 193917, 239767, 239750, 277078, 377049, 376952, 439126, 240321, 240525, 353507, 240378, 281321, 240317, 240383, 240306, 277072, 240354, 282152, 240356, 262731, 408613, 408612, 359073, 359415, 239761, 444671, 239760, 220928, 248762, 373772, 203309, 282161, 366433, 369706, 369658, 370295, 369930, 369837, 369888, 369916, 370324, 370185, 240347, 359419, 240301, 369672, 244188, 284316, 239753, 239764, 239763, 239758, 248709, 370936, 370842, 239759, 400716, 240374, 240371, 360198, 387146, 386971, 371813, 371809, 371807, 371810, 359410, 359414, 359412, 363463, 361102, 159349, 403359, 371015, 371026, 392223, 371010, 371022, 315536",170
"288168, 340375",171
"338021, 287362, 338022, 338020, 287361, 329836, 329835, 328910, 406302",172
"174522, 167849, 204650",173
320416,174
"298851, 299220, 334767, 301519, 298752",175
"120037, 108422, 120034, 402987, 130427, 363049, 114528, 70712, 339897, 123217, 289599, 130183, 130483, 416872, 130399, 130484, 130485, 127364, 134118, 140727, 406550, 339602, 130421, 406558, 402985, 134079, 130397, 130423, 139110, 153997, 324464, 130422, 345789, 159347, 130182, 360563, 419536, 130398, 130424, 106637, 106645, 131188, 147938, 182078, 233891, 283595, 288679, 414268, 420717, 89848, 53383, 243684, 185306, 360549, 310711, 30746, 38454, 347217, 119897, 130481, 130482, 137427, 142110, 115070",176
"330260, 330268, 330276, 349753, 383414, 270252, 349582, 312891, 330275, 236503, 349581, 357218, 283861, 239290, 224899, 283862, 402489, 224897, 349579, 349578, 370264, 281285, 349580, 349916, 312890, 307612, 224898, 276939",177
"389251, 416844, 416845, 416846, 416847, 313441, 336346",178
"437800, 393509",179
"98113, 278303, 200092, 176058, 359421, 359420, 137773, 235553, 209997, 158969, 294533, 95338, 134946, 415468, 415467, 300131, 174565, 262558, 188228, 161216, 119640, 154417, 148062, 144287, 161068, 154452, 129480, 107933, 268187, 182785, 154424, 252890, 207904, 175949, 194839, 154423, 175947, 154416, 207903, 235550, 166713, 154414, 135064, 154427, 164663, 166715, 235552, 194840, 218784, 175950, 252891, 154426, 218785, 252889, 175946, 189948, 154425, 154419, 166711, 202178, 175951, 194838, 164662, 175945, 235551, 189949, 218783, 203755, 181306, 207901, 164664, 189952, 170362, 160425, 161069, 163672, 176267, 231759, 227264, 194841, 207615, 102875, 357292, 357293, 357291, 357294, 112064, 253392, 121900, 191436, 160464, 178862, 129413, 142875, 212142, 139413, 201875, 288924, 220139, 350753, 100092, 180695, 382311, 382310, 193154, 133167, 217403, 153130, 272393, 368767, 198926, 313550, 262559, 182930, 98634, 130715, 123695, 94288, 321498, 177163, 302309, 117929, 164313, 104139, 281251, 140917, 225188, 206259, 158019, 161217, 110193, 425071, 147723, 182831, 204091, 205193, 132020, 143025, 189625, 154493, 177608, 164665, 394138, 146574, 172680, 114351, 241926, 250767, 252894, 264752, 156416, 298693, 283586",180
"379286, 327293, 235542, 288607, 317014, 432297, 326045, 276291, 316188, 238530, 275585, 301760, 348234, 239330, 216556, 340953, 215510, 247404, 209728, 291559, 318023, 298128, 242088, 228778, 340035, 340036, 267974, 372720, 318833, 252899, 305512, 251733, 324765, 420615, 272752, 318022, 328627, 305517, 237424, 405995, 224363, 347147, 226690, 284354, 305509, 241622, 397102, 394077, 405996, 293271, 309374, 354504, 415432, 333025, 260311, 302213, 244145, 279196, 247331, 257240, 248199, 305518, 280714, 249772, 382510, 262754, 382509, 254122, 255900, 414602, 281541, 414695, 428879, 428880, 347149, 208545, 347148, 212734, 252896, 398893, 398891, 377055, 245815, 377056, 429274, 308592, 428491, 233977, 327294, 424487, 210025, 252897, 237234, 358212, 225563, 358213, 366215, 366213, 286257, 264459, 230510, 266377, 247718, 219054, 271056, 321101, 297471, 221725, 297200, 305513, 295594, 369493, 391772",181
"98663, 331478, 225880, 147541, 107576, 238004, 38876",182
349736,183
"146781, 207149, 190744, 254543, 190743, 161842",184
"388565, 284444, 324656, 393789",185
"283819, 203184, 69035, 171915, 172592, 66098, 347307, 41105, 285887, 285888, 90850, 416002, 415317, 125403, 160673, 238623, 192951, 39707, 187740, 110831, 137166, 177903, 104557, 365192, 365432, 234892, 209358, 209419, 413562, 298055, 232452, 369536, 160943, 66690, 364019, 362517, 257673, 420298, 374339, 209431, 51811, 356205, 355958, 66682, 182822, 101665, 141918, 68281, 128915, 232930, 88046, 80435, 123095, 186885, 210658, 139778",186
"195332, 191207, 3223, 180154, 90637, 3224, 3225, 169625, 134674, 124001, 146731, 194934, 212004",187
"358738, 358739, 358741, 358740, 381143, 376868, 344634, 371070, 376937",188
"279387, 247514, 307574, 307575",189
"204573, 234191, 207573, 161224, 192779, 172505, 395699, 213217, 293240",190
"205283, 285158, 200090",191
"322276, 354693, 372386, 343468, 343470, 304627, 430462, 330373, 296152",192
"326956, 313646, 292921, 292621",193
322454,194
"279645, 335386, 343022",195
"231168, 368780, 127838, 133993, 164649, 140098, 329310, 164648, 164647",196
"129430, 235606, 201313, 223423, 142546, 217973, 154768, 182370, 228391, 199451, 176742, 142545, 164168, 148259, 182371, 170728, 190087, 182369, 176744, 176820, 142527, 235607, 164166, 129432, 182374, 164169, 235608, 201310, 182373, 207581, 156770, 146757, 237391, 207580, 246719, 223421, 201311, 129433, 201312, 164165, 183966, 146766, 123764, 223422, 142547, 154767, 123759, 129431, 154769, 176819, 246718, 237192, 208071, 183967, 208072, 207582, 161031, 123755, 123763, 161032, 154766",197
"287988, 288200",198
271558,199
"298077, 199329, 144485, 244564, 200200",200
422233,201
"319605, 265375, 342515, 271874, 283991, 265377, 272257, 265376, 309432, 253324, 276944, 278207, 278208, 265374",202
"414734, 382628, 442298, 429642, 395137, 432726, 383124, 440200, 405801, 420913",203
209574,204
347102,205
"346083, 377511, 296579",206
95619,207
"18034, 188886",208
"267894, 288901, 240963, 244021, 240961, 240960, 240964, 242067, 240965, 240966, 247665, 211717",209
"436009, 412576, 426338, 433138, 442618, 426441, 438231, 403910, 430636, 422468, 434388, 424129, 440999, 416452, 426428, 402910, 426442, 430070, 434248",210
139666,211
"61507, 303381, 435016, 31638, 101657, 68752, 286551, 42317, 39861, 109090, 156831, 75260, 19245, 125755, 134328, 37918, 38320, 274522, 282482, 37911, 27112, 21384, 59127, 19244, 209827, 105855, 61677, 244078, 41571, 177666, 435018, 34060, 84406, 19374",212
"397131, 342767, 334540, 355957, 379191, 390325, 339146, 334538, 360057",213
"359747, 372438, 324933",214
"146570, 181827, 148979, 146566, 148977, 175455, 155680, 158496, 176443, 146571, 163978, 153235, 151430, 162290, 169468, 181824, 137842, 129423, 272230, 156879, 146569, 181613, 170959, 153233, 148980, 148978, 200784, 151407, 148981, 149915, 193219, 156936, 146567, 186341, 199884, 388273, 143827, 182235, 388272, 151429, 147622, 151408, 171315, 146568, 181826",215
196280,216
"111165, 114557",217
"253493, 309707, 368442, 367792, 398016, 426656, 244262, 286275, 397915, 426187, 225269, 309221, 329601, 310565, 367789, 348593, 367790, 351368, 346200, 372408, 233638, 368441, 376642, 398061, 425212, 431411, 252099, 236940, 270329, 250293, 250292, 347022, 329515, 359142, 301561, 263695",218
"331815, 316382, 316378, 423428, 331817, 316380, 423426, 379939, 378839, 83445, 381494, 329310, 367248",219
"369657, 369683, 174296, 186549",220
"380413, 288318, 114276, 87507, 153971, 206366, 61001, 360372, 143760, 367549",221
"322546, 277564, 359273, 277286, 388569, 266483, 349810, 368444",222
"326886, 290345, 263674",223
"132195, 302961",224
"337856, 257464, 311785, 42964, 30450, 133412, 87627, 131386, 297803, 266369, 311783, 72267, 99692, 137536, 260773, 248615, 137537, 72268",225
"342501, 429959, 360831, 372024, 334338, 323392, 400739",226
"124693, 140261, 257496",227
"332613, 292743",228
"253107, 219234",229
"336276, 334483",230
"317014, 216556, 420615, 237424, 224363, 309374, 260311, 212734, 210025, 219054, 221725",231
374339,232
"402987, 185208, 185210, 339602, 402985, 134079, 153997, 130422, 215212, 345789, 159347, 130182, 360563, 419536, 130398, 106645, 89848, 53383, 310711, 38454, 115070",233
"373010, 111193",234
"167903, 376556, 318136, 248789, 362915, 318408, 302315, 248790, 291514, 291518, 276673, 291512, 291515, 388042, 291516, 349185, 372322, 322457, 322458, 400565, 433231, 420726, 167744, 186143, 210799, 238416, 263941, 292749, 321496, 349121, 372334, 402965, 430140, 175653, 120686, 35666, 232336, 168121, 195771, 59065, 166518, 13300, 67055, 199988, 131676, 184578, 2993, 217006, 5405, 15158, 21385, 31784, 33458, 38855, 66646, 153773, 196080, 26615, 309267, 166052, 169392, 373289, 7707, 158041, 24506, 72295, 130998, 118618, 435141, 414486, 215210, 367759, 420727, 260589, 331479, 186144, 262563, 372858, 179919, 12903, 38431, 406740, 118614, 123905, 118615, 248979, 349162, 118617, 308636, 235057, 118619, 324940, 92332, 85003, 2591, 18836, 118616, 104634, 352169, 291517, 211023, 400738, 428459, 372336, 302920, 376550, 320469, 340341, 320439, 362781, 248791, 376551, 320437, 340399, 335282, 318438, 248793, 362694, 318402, 320374, 340828, 336761, 248795, 317976, 248798, 248799, 248800, 337769, 248801, 248802, 248803, 248804, 248805, 318048, 340450, 248814, 248806, 248815, 317988, 248808, 337445, 337826, 248809, 340743, 316394, 323386, 318419, 336602, 248811, 318174, 340495, 248812, 362625, 317987, 289733, 248813, 318418, 248816, 248817, 340648, 318516, 248819, 362847, 317689, 317702, 354960, 354528, 331478, 354958, 318135, 355072, 362964, 318082, 318412, 248821, 318386, 319124, 317977, 248822, 248823, 248824, 248796, 336603, 160096, 211659, 160095, 215144, 177728",235
"329903, 207122, 206873, 356745, 207123, 270444, 218178, 293240",236
"329723, 22605, 24089, 29853, 38928, 38927, 88853, 169521",237
"171007, 332410, 145196, 290858, 275850, 277302, 277303, 176806, 128386, 154984",238
"178656, 231506, 301333, 220653, 233847, 279798, 289795, 234005, 234162, 256783, 369554, 178742, 280452, 190036, 428581, 433146, 261074",239
133967,240
"293240, 124118, 166592, 136223, 155996",241
"298565, 365139, 420374",242
"372428, 308321, 307807, 308505, 308966, 372781, 372782",243
286020,244
"181307, 218041, 180704, 174152, 280071, 231562, 150482, 171217, 231563, 195656, 183785, 203824, 234258, 206094",245
53383,246
"186885, 206088",247
"246805, 272755, 365950, 264007, 363456, 271345, 365951, 274930",248
"358034, 329718, 422282, 326984, 357330, 440745",249
328290,250
"200427, 282955, 198025, 255243, 156755, 198027, 369431, 231374, 231376, 231369, 231370, 231371, 231372, 231373, 179025, 166702, 166707, 166704, 166708, 326885, 255240, 369454, 255245, 306504, 257613, 158957, 167549, 168401, 287290, 287286, 287284, 287289, 287287, 296450, 231021, 355648, 172403, 258592, 203074, 160970, 224182, 195557, 255244, 164343, 231375, 255241, 363017, 280383, 182075, 369151, 369150, 229721, 208503, 208501, 202247, 208502, 258810, 369456, 202862, 339751, 352237",251
"329723, 26916",252
"365192, 374339",253
"185197, 184013, 120037, 189445, 185198, 197040, 252142, 108422, 120034, 402987, 223979, 211230, 289366, 185200, 130427, 363049, 114528, 209430, 210647, 123300, 222388, 185201, 70712, 185202, 130419, 186937, 196789, 130634, 209093, 202082, 209680, 187440, 193824, 204580, 185204, 185205, 185206, 129237, 203135, 339897, 123217, 185207, 198842, 289599, 200052, 189868, 185208, 195926, 184978, 192128, 218288, 194756, 130183, 130483, 344917, 416872, 185209, 187441, 185210, 185211, 194176, 187442, 187447, 191856, 130399, 130484, 130485, 211712, 192367, 127364, 187448, 213959, 200730, 207241, 134118, 140727, 210102, 154440, 193703, 187449, 208660, 192874, 207675, 406550, 212811, 212635, 217666, 212045, 185203, 384189, 187450, 298058, 185212, 187451, 339602, 130421, 185213, 192452, 406558, 402985, 134079, 130397, 191003, 130423, 135440, 130428, 130632, 208157, 347239, 208623, 202306, 153997, 324464, 130422, 215212, 185214, 64262, 206639, 345789, 185215, 205628, 185216, 216561, 159347, 192548, 130182, 361346, 360563, 419536, 187452, 220018, 130398, 347221, 106637, 106645, 131188, 147938, 182078, 233891, 283595, 288679, 414268, 89848, 53383, 360549, 13297, 310711, 30746, 38454, 24439, 277270, 186205, 347217, 190161, 119897, 130481, 130482, 137427, 142110, 188748, 115070, 185727, 193323, 185217, 185218, 130635, 193206, 194418, 194417",254
264078,255
"333485, 338126, 349120, 368520, 337305",256
"180539, 149247, 149246, 164875, 149248, 149249, 149245",257
266238,258
"401690, 236667, 303375, 264355, 237908, 266922, 234361, 244304",259
"368113, 293834",260
"146781, 211115, 96778, 111771, 193215, 108224, 155820",261
"28682, 34580, 41985, 129341, 134269, 169076, 383035, 271632, 275350, 280647, 275351, 275352, 233628, 24124, 86957",262
66121,263
"272394, 272395, 272396, 265086, 266839, 289938, 248591",264
293240,265
178452,266
"213294, 224198, 215603, 387517, 293928, 234198, 264856, 363088, 363092, 350213, 342140, 347651, 307032, 234643, 253443, 234644",267
244564,268
"232120, 347476, 315200",269
348601,270
"393432, 327505, 255616, 395833, 350143, 359611, 186845, 239469, 193513, 137762, 200983, 275726, 339952, 142020, 168800, 163106, 295285, 286057, 314104, 210936, 438670, 344694, 344481, 375650, 271560, 271558, 271564, 149922, 255514, 261673, 252620, 321627, 284695, 284697, 175156, 182692, 231037, 367377, 305035, 265181, 419448, 248084, 223362",271
"311200, 311201",272
"335223, 350621, 323921, 347151, 347152, 347153, 347154, 347155, 347156, 418474",273
"286214, 195502, 229511, 263669, 203870, 261900, 206261, 187823, 227748, 343834, 254315, 253961, 359403, 234720, 286955, 336342, 236576, 381123, 234719, 234718, 234717",274
"317274, 317275, 251250, 250934",275
"400114, 327141, 322225",276
"193890, 199743, 372781, 372782, 372783, 348091, 236775, 385621, 227976, 201029, 227689, 342098, 376433, 180236, 234735, 228919, 333096, 311069, 180426, 179158, 201030, 200750, 199739, 200751, 179634, 179538, 179539, 228658, 230343, 203886, 178485, 180483, 179256, 179195, 180168, 179391, 179896, 180358, 179692, 179168, 180166, 180329, 179607, 179186, 179819, 386210, 230345, 228719, 250534, 230344, 229773, 229770, 230143, 407803, 229316, 376847, 376848, 376849, 386358, 386027, 385618, 385620, 386543, 385619, 386286",277
"178656, 205611, 246646, 211945, 186067, 205159, 211116, 238470, 263960, 232226, 291421",278
"231506, 234135, 290354, 279270, 323232, 234197, 257210, 253354, 229941, 242463, 279269, 214326, 276841, 276840",279
"165358, 40688",280
"351928, 287567, 214327, 255601, 209484, 288793, 261336, 269572, 213360, 313054",281
"107998, 121766",282
"292108, 250532, 207292, 233076",283
368606,284
"267545, 358106, 367967, 295026, 272254, 244936, 272253, 367825, 367526, 368370, 244935, 307233, 270728",285
"203982, 318691, 379129, 379116, 379128, 379120, 379126, 379127, 379125, 379124, 379118, 308184, 265272, 202865, 202102, 202101, 203075, 379058, 202103, 379059, 202104, 379060, 379061, 202105, 202106, 202107, 219505, 204140, 379157, 204114, 202868, 309919, 337388, 265274, 265275, 265271, 308183, 265273, 331233, 221254, 202867, 398161, 372689, 202866, 372690, 341290, 265270, 202100, 203499, 203887, 379113, 202099, 400622",286
334946,287
"349998, 379578, 315708, 410207, 421185",288
"263952, 233952, 239580, 216033, 263954, 263957, 263956, 239582, 263958, 263955, 249879, 233953, 383477, 218853, 214322",289
"111775, 56839, 56841, 156604, 56840, 59644, 59645, 154473, 42040, 343144",290
354448,291
"377613, 406856, 322871",292
74823,293
"97845, 40484, 132435, 144227, 182027, 33963, 38378",294
"442632, 432730",295
237387,296
149801,297
425029,298
"379786, 428249, 437011",299
"256549, 214463, 360226, 364100, 130655, 140045, 193823, 147101, 202174, 248929",300
"349637, 381231, 376874, 378611, 387698, 383122",301
"376863, 357010",302
365686,303
"313479, 313475, 313481, 313480, 424595, 424596, 419158, 384164",304
"323060, 403011, 372346, 361257, 372345, 323058, 371163, 420376, 372347, 361255, 405788, 323056, 372350, 372349",305
"264005, 262328, 289917, 264414, 299442, 315275",306
"397075, 371359, 434042, 437647",307
"342219, 410381, 431123, 376295",308
"351928, 255601, 288793, 261336",309
"164557, 155402, 164554, 164556, 314494, 164555",310
"432586, 347977, 347978, 415878, 347976, 432531, 355996",311
"442250, 396545",312
"321772, 379766, 386886, 379755, 339131, 397164, 354553, 303600, 321773, 339134, 380000, 372325, 302670, 321775, 321731, 359427, 379881, 397165, 386895, 436344, 386892, 386880, 386890, 303602, 302669, 379757, 426614, 302668, 321774, 386889, 303599, 379763, 426302, 379978, 339129, 339133, 339094, 339128, 369278, 339182, 428025, 339183, 339130, 339184, 379765, 339100, 339132, 321771",313
149712,314
"275455, 309188, 329441, 275558, 275454, 249811, 290955, 327489, 372832, 258089",315
"439777, 439774, 420719",316
"336104, 240909, 306171, 332979, 293240",317
"255584, 200427, 198025, 255243, 156755, 198027, 369431, 233899, 231374, 231376, 231369, 231370, 231371, 231372, 231373, 179025, 166702, 166707, 166704, 166708, 326885, 255240, 369454, 255245, 306504, 257613, 158957, 167549, 168401, 287290, 287286, 287284, 287289, 287287, 296450, 255242, 231021, 355648, 252679, 263667, 172403, 258592, 203074, 160970, 219507, 224182, 195557, 264077, 255244, 164343, 231375, 255241, 363017, 280383, 182075, 369151, 369150, 229721, 208503, 208501, 202247, 208502, 258810, 369456, 202862, 339751, 352237",318
"365950, 274927, 363456, 364530, 364426, 365951, 274930, 353210, 420143, 420158, 274922, 420141, 287915, 278956",319
"23189, 47687, 101082, 47686, 75825, 30930, 76727, 101081, 30929, 19983, 47689, 74493, 25193, 30928, 27520, 101083, 101080, 43242, 37326, 78386, 37325, 37302, 144851, 151124, 172825, 103365, 56890, 88431, 103935, 75690, 74635, 145131, 172827, 130463, 93544, 109144, 137906, 152166, 173650",320
427705,321
"178656, 176990, 149054, 189476, 179205",322
"244868, 244870, 244865, 244872, 244862, 244875, 244876, 244861, 258168, 244874, 244864, 186175, 70704, 30323, 139666, 244871, 244869, 244860, 244863, 244866, 244873, 244867",323
"357512, 355870, 312680, 357304, 368342, 405989",324
334331,325
226318,326
"281332, 266395, 403495, 403511",327
"287916, 288199, 224784, 270352, 303638, 201669, 230055, 191779, 305903, 219554, 231848, 264440, 227838, 263357, 205611, 263359, 263355, 309766, 223878, 348281, 287961, 369109, 250470, 240850, 242894, 262613, 230517, 232196, 373271, 254273, 235337, 320721, 205847, 260728, 244014, 222543, 200443, 189035, 195752, 220839, 220836, 193527, 213099, 266217, 233253, 383626, 213295, 180585, 193664, 189686, 225385, 232191, 225491",328
"234953, 240259, 238466, 145034, 240263, 240755, 278779, 414632, 240706, 211166, 198226, 278645, 240707, 240754, 145038, 312683, 278777, 312566, 243182, 198223, 192088, 148815, 192131, 145029, 185335, 279899, 198210, 240264, 400140, 240708, 240258, 145028, 145036, 198227, 198228, 240261, 227537, 145039, 227535, 227536, 240262, 227538, 360077, 278778, 198205, 278919, 145031, 145030, 378664, 357021, 322303, 356416, 145032, 145033, 268803, 145037, 302501, 309877, 256215, 309876, 256216, 208007, 357043, 248310, 248312, 248321, 248309, 248313, 248311, 248306, 248308, 248322, 248304",329
"78773, 75313, 119657, 237502, 303677, 212802, 261027, 263998, 169639, 126164, 261025, 151552, 299797, 209291, 170169, 132022, 374404, 256237, 174089, 374403, 261026, 374401, 287250, 333835, 156189, 374399, 374397, 404832, 404835, 404833, 404834, 374388, 374387, 234553, 174090, 243310, 374386, 301112, 395883, 99134, 145325, 150795, 374385, 374384, 55660, 374383, 374381, 205761, 374379, 179060, 176329, 374378",330
"163326, 136233, 172153, 164015, 166375, 148166, 164203",331
"374983, 307518, 4101, 265141, 222396, 56157, 42147, 91061, 89606, 90100, 399807",332
"350518, 316848",333
"358455, 358456, 361177, 392487, 358454, 421526, 432077",334
"185784, 204298, 156089, 366786, 165218, 189197, 165074, 185786, 189455, 188447, 156060, 182073, 169243, 211176, 188448, 199352, 188339, 343842, 169415, 204295, 169244, 343841, 165217, 189261, 204302, 204303, 188699, 189262, 234069, 165219, 343843, 348794, 343845, 234070, 233917, 199741, 156059, 182072, 174161, 315016, 391893, 204296, 204299, 170127, 165216, 204573, 199743, 202243, 260196",335
"266156, 282308, 325625, 331965, 304286",336
"340968, 342705, 364789, 369048, 340526, 342212, 340523, 341023, 345378, 340529, 340983",337
"374325, 430172",338
"267743, 240230, 214673",339
"405817, 233591, 369829, 271639, 342274, 263755, 432308, 387736, 195556, 219326, 280180, 355277, 252999",340
"206374, 282531",341
93465,342
"120105, 209573",343
"234191, 207573, 161224, 395699, 213217",344
"210799, 321496, 195771, 217006, 15158, 21385, 31784, 33458, 66646, 153773, 196080, 104634, 428459",345
253275,346
"318710, 215430",347
"151254, 126247, 143061",348
"330268, 330276, 349753, 307731, 330281, 329156, 402428, 269415, 430306, 307729, 306621, 430681, 269416, 430682, 430680, 306623, 286241",349
"376864, 374552, 355869, 423543, 348354, 394895, 403745, 361382, 361330, 378470, 432910, 374551, 394896, 370269, 370268, 375413, 412860, 432911, 412861, 378469, 423540, 403743, 348353, 432289, 427911, 375414, 423912, 423913",350
"90133, 61492",351
"382468, 234742, 283292, 368867",352
"324384, 323173",353
"41261, 114986",354
"232004, 108667, 181971",355
"224259, 219182",356
168703,357
"427133, 373534, 361712, 427130, 378146",358
343584,359
"177156, 96323, 138745, 85990",360
"406315, 424775, 396302",361
"309231, 78773, 75313, 209291",362
"191779, 195543, 385588, 245510, 275997, 177739, 202459, 216863, 385711, 262641, 195748, 213749, 179657, 268798, 385722, 214313, 261437, 299277, 313864, 230850, 310863, 189485, 208103, 186857, 238389, 169075, 293240",363
65712,364
"178656, 356147, 189653, 190602, 167567",365
"266950, 266953, 285771, 325375, 241122",366
"382317, 233621, 263751",367
293727,368
"238618, 373425, 238619, 263758, 264396, 270267",369
"154678, 166504",370
285961,371
194291,372
"200544, 316175, 171661",373
"126942, 201820, 129544, 136448, 152858, 90316, 201819, 145687, 82423, 92869, 82429, 136447, 92870, 152859, 90317, 88328, 92934, 201817, 113227, 201816, 136445, 113224, 82428, 126943, 88329, 201815, 201814, 201813, 113228, 201818, 113225, 136446, 145536, 82422",374
"378980, 378981, 258645, 321074, 309115, 264404, 432557",375
"284580, 368757, 284597",376
"373547, 303835, 373548, 303837, 303836, 368270, 373553",377
323114,378
"266520, 287508, 322011, 284988, 382907",379
"387809, 279345",380
"258319, 383881, 161118, 161120, 161121, 161122, 161123, 161124, 171857, 107407, 142647, 142648, 142649, 93193, 174929, 85964, 258320, 70647, 218518, 88282",381
"62329, 62325, 62327, 62349, 70626, 102889",382
"388742, 397440, 406050, 397458, 428074, 405273, 400846, 355201",383
"65490, 66640, 64592, 149066, 165458, 81618, 57072, 57070, 60054, 84183, 241991, 241989, 122316, 207121, 144171, 235520, 71818, 333152, 109632",384
"359421, 359420, 415468, 415467, 357292, 357293, 357291, 357294, 350753, 382311, 382310, 368767, 425071, 394138",385
"391984, 369313, 325378",386
358682,387
"219982, 220971",388
"185796, 150669, 92898, 122323",389
341206,390
"229085, 175452, 211171, 213992, 258589, 275731, 208201, 401690, 303375, 264355, 234361, 244304, 274721",391
161167,392
"437408, 154228, 330654, 206551, 125853, 207349, 420322, 152097, 356049, 176355, 415944, 235320, 238392, 111617, 93093, 386305, 154607, 332854, 338136, 151648, 152069, 174091, 247844, 367245, 209510, 270850, 138896, 165461, 121425, 386304, 206550, 192209, 164473, 310891, 172790, 164171, 38188, 39790, 32456, 176358, 33514",393
367465,394
"432658, 422802, 431005, 376876, 372389, 405784, 376629, 427585, 368718, 395698, 430063, 395261, 406964, 437120, 419024, 419647",395
"349053, 435489, 363077, 392653, 341343, 429211",396
349344,397
"321772, 379766, 386886, 379755, 339131, 397164, 354553, 303600, 321773, 339134, 380000, 302670, 321775, 321731, 359427, 379881, 397165, 386895, 386892, 386880, 386890, 303602, 302669, 379757, 426614, 302668, 321774, 386889, 303599, 379763, 426302, 379978, 339129, 339133, 339094, 339128, 369278, 339182, 339183, 339130, 339184, 379765, 339100, 339132, 321771",398
264238,399
"155127, 108415, 142708",400
185354,401
"256951, 309231, 78773, 75313, 119657, 237502, 303677, 415362, 212802, 261027, 263998, 169639, 126164, 261025, 151552, 299797, 209291, 170169, 132022, 374404, 256237, 174089, 374403, 261026, 374401, 287250, 333835, 156189, 374399, 374397, 404832, 404835, 404833, 401498, 404834, 374388, 374387, 234553, 174090, 243310, 374386, 301112, 395883, 332087, 99134, 138547, 145325, 150795, 374385, 374384, 55660, 374383, 374381, 205761, 374379, 179060, 176329, 374378",402
"303673, 258067",403
323382,404
"161730, 126839, 162529, 130084, 120963",405
421689,406
"340404, 366795, 422346, 340406, 359193, 404193, 422364",407
"350461, 350463, 350464, 301358, 375608, 341943",408
145399,409
"324399, 347318, 215820, 216011, 233769, 216012, 233770, 215123, 233771, 216010, 215822, 304297, 223494",410
"172589, 179175, 166000, 172590, 174453, 179176, 166001",411
"396446, 439215, 430658",412
"314335, 417569",413
174095,414
"180394, 425938, 189662, 180341, 353580, 232197, 178656",415
"204573, 231506, 259717, 213223, 234156, 214735, 192661, 282537, 186293, 216465, 202669, 179656",416
"344917, 53383",417
292011,418
"165355, 40688",419
"59967, 160481, 95699, 54833, 123920, 166161, 69467, 185242, 39428, 110906, 59867, 47616, 175309",420
"145355, 130752, 173558",421
"157927, 162890, 163322, 162889, 151522, 140771, 200630, 443054",422
"433316, 394150, 405992, 351550, 351549, 444232, 404357, 444230, 432729",423
"416002, 374339",424
"157126, 129721",425
"421904, 436651, 430234",426
"333112, 198787, 333113, 333111, 169017, 235604, 168928, 169018, 223356, 175284, 198786, 175283, 169020, 212351, 223355, 212318, 175286, 201038, 201039, 175287, 287278, 168929, 287277, 333110, 212317, 235605, 169019, 212350, 282070, 322752, 175285, 322753, 257616, 204853, 168927",427
"326793, 306864",428
"238986, 238984, 273754, 284887, 376877, 238985, 238982, 244912, 385677, 301981, 304474",429
"395005, 234106, 244302, 205165, 264003, 280332, 314563, 357723, 203888, 210696, 219104, 394761, 219108, 219105, 358511, 231506",430
288002,431
"370796, 421183, 371018",432
99181,433
"264015, 248378, 257047, 257590",434
"165350, 285827, 40688",435
"31753, 33559",436
"389120, 286287, 397436, 363526, 265290, 265291, 363525",437
"85446, 85447, 85448, 85445",438
"356086, 425774, 302884, 394559, 319272, 319273, 319274, 353862, 353864, 353865, 399215, 319080, 273353, 319315, 366050",439
"29549, 21367",440
132430,441
"422822, 430908",442
"265753, 266777, 228605, 273572, 271945, 194466, 200504, 234901, 195555, 174451, 133798, 197457, 202760, 174891, 167477, 147094, 146733, 297411, 164444, 144511, 161332, 297502, 147099, 143092, 146734, 143358, 153831, 153832, 180009, 167338, 164443, 142359, 252123, 147055, 161331, 157333, 143805, 163104, 146736, 167478, 147053, 154619, 168001, 168002, 154621, 144052, 167339, 147096, 147097, 167476, 146737, 161334, 207217, 147062, 252122, 154625, 144512, 161333, 147054, 154617, 154623, 144514, 147052, 168004, 164441, 167479, 154620, 144513",443
"256951, 296704, 264115, 285560, 297787",444
"178037, 231140, 358630, 111363, 429252, 182105, 251614, 304216, 147313, 191960, 302023, 195997, 187247, 227, 155192, 1677, 262716, 144576, 67707, 147119, 339490, 376146, 444920, 357252",445
"432785, 424443, 379330, 426270",446
"281332, 291817, 403495, 403511",447
"387482, 349725, 311314, 360171",448
"116301, 22172, 112595, 21059, 116302, 40776, 31536, 93465, 106219, 85451, 37008, 95683, 85449, 85450, 25945, 67208, 132105, 142500, 142409, 127198",449
"193320, 424917, 399010, 234725, 343030, 364182, 211103, 292108, 132530, 365645, 430696, 147183, 438686, 127067, 98833, 318580, 287306, 154945, 430564, 249752, 250532, 207292, 282788, 233076, 430575, 429996",450
"375824, 186452",451
"374339, 182822",452
"369831, 291866",453
"347105, 382927",454
"148615, 346093",455
"255631, 319710, 295132, 255354, 276012, 367228, 258003, 268363, 268362, 268365, 276013, 348813",456
398052,457
"257693, 242213, 369497, 263754, 281941",458
"388566, 311714, 287576, 312568, 373505, 370580, 321679, 311441",459
"120037, 108422, 120034, 130427, 114528, 70712, 123217, 289599, 130183, 130483, 130484, 130399, 130485, 127364, 134118, 140727, 339602, 130421, 406558, 130397, 130423, 153997, 130422, 360563, 419536, 130398, 106645, 147938, 182078, 414268, 89848, 53383, 38454, 119897, 130481, 130482, 137427, 142110, 115070",460
"165348, 40688",461
"367354, 388568",462
"205916, 206078, 347651, 234643, 253443, 234644",463
"377079, 161978, 130102, 170245, 129490, 132553, 130101, 134466, 164270, 132554",464
399010,465
"144227, 182027",466
"145481, 149433, 159651, 147736, 176331, 212140, 177496, 197779, 177497, 179014, 320925, 320926, 320922, 197591, 320923, 149495, 151953, 149796",467
"177, 16109, 11568, 79843, 2058",468
"297874, 295618, 295619, 349733, 376875",469
"214358, 217577, 176173, 207293, 223945, 206072, 195586, 297276",470
"257932, 309138, 218878, 242993, 422597, 219999, 255505, 218877, 245785, 218880, 218879, 218884, 218883, 422598, 218886, 218882, 218881, 220000, 218885, 412692, 213527, 218876, 220158, 242274, 255504",471
29870,472
"289057, 382190, 332397, 332390, 259996, 319420, 437203, 289056, 319419",473
"358003, 358004, 341037, 358002, 405580, 358009, 358008, 341036, 358007, 409629, 425732, 425733, 341024, 341022",474
355609,475
"388091, 266013, 266012, 266014, 338701, 244733, 255670, 270359, 268740, 256587, 252765, 236422, 252893, 234040, 266010, 270357, 270358, 236733, 270356, 265106, 234042, 188349",476
"251217, 262750, 293240",477
"264393, 233901, 331458, 271614, 199009, 331456, 331457, 420353, 377036, 255890, 420352, 416685, 331459, 331460, 202250, 331461, 202249, 215748, 419053, 231589, 198507, 199010",478
"391984, 369311",479
410890,480
"407979, 320282, 371016, 371025, 353949, 276862, 262045, 370188, 314089, 262044, 371437, 262043, 371019",481
"292012, 86048, 85925, 148289, 109140",482
439687,483
174849,484
"402927, 405791, 372327, 378326, 405747, 400207",485
"126954, 140552, 139766, 168849, 115185, 195223, 162616, 232247, 110139, 151566",486
"365686, 85768, 112068, 112066, 112067, 176406, 194084, 304267",487
"146244, 167825",488
"139022, 139021, 139020, 139018, 139019, 272224, 85446, 85447, 85448, 39775, 85445",489
"239857, 195034, 269167, 287313, 200165, 198808, 287312",490
260921,491
"365130, 338324",492
368780,493
"235542, 239330, 242088, 228778, 279196, 237234, 230510",494
"372781, 372782, 372783, 318370, 317942, 318367, 317946, 317945, 318369, 317947, 317844, 318366, 317949, 318364, 362664, 318379, 377042, 348091, 386359, 232977, 376433, 417725",495
"295249, 398659, 247113, 256610, 300130, 282349, 320379, 394202, 356571, 281458, 322781, 362998, 398179, 247115, 397412, 362999, 421665, 351326, 247114, 421664, 282348, 424827, 256611",496
"1526, 25946, 25948, 38677, 59417, 207090, 261065, 266189, 266190, 282517, 338582",497
420063,498
"376434, 372781, 372782, 372783, 299070, 365613, 337568, 294327, 336635, 336729, 337356, 444268, 336634, 336637, 379907, 299071, 292122, 336636, 311258, 369890, 369891, 369892, 369893, 369894, 377038, 293546, 372784, 392832, 392833, 369539, 369540, 369541, 366868, 366870, 366869, 348484, 348485, 348486, 376429",499
"159458, 144777, 132975, 190088, 148524, 134060, 165775, 134059, 165774",500
"213777, 256249, 256251, 432144, 214319",501
127581,502
363682,503
"245292, 100527, 162409",504
"2949, 2950, 264297, 197247, 85985",505
"400114, 346633, 353859",506
"387481, 387479",507
"108421, 128883",508
"66312, 72936, 80889, 30976, 41815, 25044, 26586, 31005, 28165, 22646, 16621, 15155, 16694, 22357, 42350, 22356, 22507, 30977, 15825, 53396, 19248, 21615, 439860, 101639, 423346, 439869, 439878, 439861, 423343, 430505, 439862, 25153, 439871, 423342, 423341, 439863, 426933, 426930, 426935, 426934, 426931, 426936, 101745, 439865, 416182, 416183, 25154, 37303, 416119, 439867, 429117, 430504, 430506, 39303, 423345",509
"16109, 79843, 2058",510
"257189, 257190, 257191, 214471",511
"408584, 406089, 356483, 356482",512
"343508, 279815, 39244, 137682, 35230, 379192, 164502, 21292, 32299, 8718, 33512, 84405, 253317, 11040, 17434, 17431, 9789, 163320, 182014, 184480, 237394, 291645, 321143, 332861, 348241, 402972, 419518, 11041, 27143, 35612, 38551, 55936, 89691, 110565, 151011, 67787, 67799, 67942, 68122, 71051, 38496, 73207, 73476, 38473, 429168, 71964, 70261, 343506, 343510, 343504, 343509, 176956, 182520, 308452, 113642, 176369, 176955, 113540, 149716, 114439, 17369, 333526, 150731, 113538, 348958, 348959, 334348, 334419, 334443, 334523, 114063, 116013, 107455, 125754, 113537, 149717, 340071, 125796, 332615, 333384, 333262, 333383, 333380, 333563, 333561, 333585, 333654, 333850, 333665, 333774, 333778, 333831, 333863, 333888, 333951, 334057, 334111, 334236, 142229, 334301, 332559, 332935, 332605, 334345, 113534, 334464, 129601, 134222, 113535, 333580, 333581, 129602, 333532, 321593, 32302, 332618, 94164, 141917, 333048, 333050, 333049, 85950, 322111, 67520, 193040, 55816, 68636, 395740, 89680, 67569, 55817, 68641, 132204, 378015, 68638, 228782, 16595, 143684, 241020, 275672, 275671, 424519, 433421, 94297, 113536, 26342, 22649, 22699, 85520, 94190, 92641, 184971, 279867, 440197, 300224, 32305, 39646, 122402, 184967, 333905, 334062, 12053, 29844, 135818, 322222, 23618, 42242, 5287, 294790, 421235, 208638, 318406, 184968, 21290, 63013, 8615, 149088, 47116, 41776, 294789, 8616, 23551, 110111, 32310, 108858, 37622, 39645, 39693, 39692, 21291, 17435, 8607, 268856, 334934, 90378, 108559, 108560, 108561, 108563, 108565, 108566, 108569, 108571, 108573, 95799, 108860, 108564, 83643, 83645, 83738, 84086, 95713, 8610, 299065, 161889, 108096, 264814, 32217, 38064, 59248, 59249, 59251, 59250, 108546, 108547, 111391, 234472, 236521, 10225, 88803, 95657, 114334, 123523, 132248, 236578, 9498, 128833, 234589, 373660, 184677, 32303, 150729, 272047, 130114, 24397, 58596, 58594, 58599, 40383, 58598, 58597, 40206, 92826, 184960, 112962, 112875, 295781, 29690, 40519, 370864, 9800, 94261, 190839, 27887, 66468, 269566, 382032, 419060, 423023, 423025, 210338, 64418, 64419, 64420, 64416, 61118, 42323, 42325, 135819, 423024, 38491, 186643, 238330, 298440, 38492, 38493, 41980, 61816, 87009, 111390, 148591, 167306, 35231, 339637, 357693, 437479, 35236, 38658, 43124, 100583, 100582, 128660, 241276, 277704, 17428, 17438, 14513, 116486, 27213, 69631, 39212, 347139, 39690, 39724, 12648, 8609, 168947, 362117, 355136, 406923, 406924, 436144, 20477, 23702, 5291, 31710, 21321, 86999, 185597, 32372, 32373, 38381, 32374, 83858, 17371, 35233, 8608, 357750, 38061, 37867, 221210, 29560, 332926, 8612, 8614, 103947, 34046, 34106, 162408, 8604, 32218, 32282, 32283, 34323, 35229, 34324, 34325, 143626, 83680, 57253, 184970, 441071, 34656, 41919, 41921, 41920, 42302, 69081, 96646, 42567, 328262, 40448, 40856, 46299, 33511, 17370, 418624, 32368, 244413, 39539, 94185, 59246, 303627, 20653, 42326, 38559, 362021, 109391, 354773, 158645, 9462, 9497, 28009, 94035, 119835, 119843, 29742, 406360, 154262, 221486, 39722, 73636, 41979, 87097, 132142, 5288, 5290, 8613, 8716, 69586, 189086, 88711, 38383, 69777, 328261, 170367, 39694, 299101, 328130, 370863, 266615, 393634, 296336, 343511, 263937, 263936, 282949, 371508, 38739, 343512, 332969, 276594, 299102, 337717, 37185, 432071, 40447, 66605, 89004, 121214, 144215, 164042, 108040, 97501, 110304, 108855, 8611, 35770, 209456, 40382, 72852, 144542, 135895, 135787, 29695, 96023, 90141, 108575, 29561, 113212, 381699, 50569, 50608, 66607, 66609, 66612, 66708, 66713, 88995, 111392, 184216, 184217, 50576, 184219, 282948, 50582, 50586, 50590, 50596, 50599, 50601, 50604, 17437, 17436, 94177, 109184, 69778, 37921, 437933, 27825, 7587, 35787, 31718, 110303, 119834, 401816, 445152, 145315, 130215, 148367, 167239, 182016, 235453, 262239, 291643, 41481, 73020, 17426, 333431, 17427, 5292, 38063, 17432, 55942, 339945, 241327, 39803, 39889, 39890, 39891, 39892, 392399, 392400, 392406, 392414, 16865, 33619, 33656, 34638, 39721, 39719, 32117, 40378, 73019, 73018, 369956, 23640, 40205, 410247, 67596, 38200, 19829, 230964, 218505, 39723, 413103, 413104, 27888, 27273, 8605, 107457, 39691, 254717, 270315, 299736, 332862, 364226, 378393, 415365, 438293, 136377, 152937, 172219, 193039, 218618, 247958, 29559, 91459, 118639, 67590, 338201, 5289, 207480, 34343",513
"426670, 349606, 400905, 365105, 362910, 365107, 426676, 365102, 426679",514
"422261, 432558, 441235, 406746",515
"132150, 132431, 107863",516
"35589, 103186, 285164, 467, 1494, 14118, 189272, 174239, 43237, 216664, 453, 168425, 35428, 6264, 378111, 59416, 205687, 31419, 178656, 8174, 111734, 913, 12677, 18793, 4377, 243505, 2571, 13474",517
"231506, 234160",518
349062,519
"363435, 429509, 284880, 284882, 284881, 284883, 285034, 284884, 284814, 336798, 426845, 410581, 284885, 284886, 363439, 363441, 284952, 284951, 363437, 413126, 363440, 429511, 336797, 283419, 336796, 284724, 363436, 284955, 284937, 336795, 284716, 284930, 284823, 283313, 284939, 390093, 404567, 404568, 429510, 413140, 284953",520
"178656, 191779, 255347, 255348, 255349, 255350, 255351, 255352, 348873, 213850, 374005, 420217, 181158, 189394, 191865, 189189, 302242, 355030, 290189, 186064",521
"194499, 198583, 198581, 198580, 394088, 219618, 195506, 194500, 198582",522
331088,523
"402275, 420884, 328888, 270955, 327628, 420750, 267919, 410773, 430729, 397815, 269412, 269413, 269410, 269411, 269414, 268797, 423380, 431330, 419788, 347343, 336090, 350052, 416761, 413560, 312230, 416762, 290569, 371534, 346147, 324538, 324545, 324537, 402277, 420775, 420769",524
"290045, 312559, 290042, 308020",525
"323297, 319035, 291840, 323296, 320242",526
313441,527
"299467, 309218, 330167, 284319, 287558, 296613, 290273, 330415, 295934, 336014, 284321, 327975, 284320, 371136, 330655",528
"411294, 402454",529
"286415, 355443, 307176",530
"265229, 230815, 242301, 219102, 322161, 214329, 266554, 229980, 292488, 228873, 232946, 249514, 207591, 220502",531
"327852, 326199",532
13291,533
399973,534
"35704, 20857",535
"371924, 409863, 441998, 309705, 335172, 337330, 379804, 420425, 428347",536
"375613, 380860, 148572, 130466, 306445, 151464, 144851, 142993, 169757, 151123",537
"149310, 121996, 323999, 183833",538
"293363, 240039, 403748, 257729, 203542, 414963, 259395",539
"149273, 149275, 149274",540
"81904, 28250, 85720, 54943, 54944, 29095, 32021, 28260, 37926, 30231, 29423, 45543, 32022, 68923, 32391, 30232",541
"300872, 404036, 327481, 376994",542
"207017, 304868",543
"282822, 339456, 207485, 164571, 195504, 233817, 180008, 167396, 306739, 266420, 226065, 233818, 166409, 237362, 306740, 163683, 176328",544
153748,545
"279645, 335386",546
"403495, 403511, 367023",547
"201609, 211350",548
"110699, 131751, 108150, 124640, 101921, 150915, 104356, 131339",549
"62329, 62325, 62327, 62349, 424414, 424412, 424413, 42141, 24976, 29298, 55150, 36722, 22361, 70626",550
"250387, 431264, 1676",551
"434325, 434328, 413267, 434327, 442206, 432746, 429837, 442205, 442192, 414150, 433492, 433491, 442204, 442196, 442193, 433498, 360363, 433493, 442194, 290657, 433499, 442198, 442199, 442203, 442201, 412389, 442197, 442195, 434320",552
"436367, 365148, 309275, 333406, 324557, 372376, 283440, 283439",553
"33261, 27690, 25293",554
"167903, 178656, 26352, 432107, 86008, 60134, 149857, 173651, 202788, 131362, 39093, 187366, 32270, 169486, 211081, 292851, 259397, 222582, 374983, 189097, 307518, 186395, 196928, 131958, 305516, 86669, 110794, 2807, 104774, 176966, 926, 4101, 265141, 73809, 352073, 20038, 135378, 144419, 238135, 263939, 54528, 143249, 132481, 101942, 222396, 222394, 222393, 222395, 325, 4103, 223171, 217947, 381626, 271159, 367791, 416257, 27760, 34691, 56157, 42147, 128751, 91061, 95940, 89606, 21101, 41161, 21097, 21443, 21100, 21098, 21099, 144851, 167573, 90100, 22598, 293222, 293224, 19343, 20247, 10817, 21046, 436417, 1137, 84977, 26079, 167836, 306, 1361, 167841, 31933, 37690, 111377, 37969, 399807, 134277",555
360699,556
110574,557
"204573, 286086, 229839, 234423, 213218, 206442, 292887",558
"234856, 326863",559
"374983, 307518, 86669, 238135, 222395, 4103, 223171, 56157, 42147, 21101, 21443, 90100, 436417, 399807, 134277",560
"430259, 252420, 269139, 252424, 252422, 269138, 252423, 276836, 252429, 313960, 39109, 109139, 162741, 13287, 142420, 16494, 22279, 9687",561
369960,562
438671,563
"357311, 320731, 400945, 430078, 320730, 320737, 320734, 372326, 320735, 263963, 263964, 320736, 320732, 430079",564
"172942, 232187, 152230, 152561, 405778, 294761",565
209827,566
"327841, 351118, 404582, 367358, 386822, 393462, 432598, 422885, 343722, 386828, 386821, 396134, 206376, 316261, 242276, 181555, 334149, 233593, 233592, 181092, 196954, 327844, 181564, 433695, 181546, 292881, 181553, 341970, 395011, 181551, 181102, 286503, 181549, 327845, 181090, 197595, 350263, 352938, 327028, 349707, 206370, 334117, 334118, 395010, 196942, 267203, 404580, 181552, 292665, 181096, 196941, 433697, 266555, 219883, 176093, 342525, 324725, 181547, 342996, 368622, 292880, 292882, 317750, 389343, 351573, 351574, 406559, 432597, 432599, 368621, 285906, 178561, 206369, 206994, 240658, 296323, 368160, 316260, 396946, 181568, 181557, 206377, 292889, 292883, 391793, 206367, 324573, 183017, 219881, 334172, 334174, 181558, 296322, 334175, 181099, 327846, 393464, 181103, 181566, 393468, 366927, 393469, 375420, 324574, 397354, 206368, 375418, 233594, 334158, 263687, 178564, 368712, 286521, 181556, 432595, 181550, 349702, 324575, 432596, 181565, 196938, 181562, 178820, 181563, 271602, 292886, 181561, 164292, 164293, 334059, 334153, 343725, 196939, 286506, 397355, 315901, 334204, 423950, 386829, 366926, 213555, 349706, 354009, 181094, 178563, 334136, 334157, 286516, 285903, 213560, 181104, 327027, 424058, 176082, 334189, 396132, 292885, 395305, 233596, 368161, 178562, 352937, 181567, 423952, 196946, 296324, 349704, 396131, 445158, 395012, 176096, 181548, 375417, 334140, 334060, 181101, 327847, 273656, 233598, 445159, 334147, 181098, 396378, 196947, 327848, 445148, 286578, 219882, 423953, 325674, 233600, 233599, 233601, 403455, 181569, 406935, 433696",567
372324,568
"184025, 181899, 219265, 186885, 293240",569
"211238, 328395, 266237",570
"173251, 280769, 431096",571
"271919, 265508, 365217, 419845, 347764, 252674, 281986, 288363, 361687, 265507, 322748, 288365, 322746, 252708, 288372, 331205, 288368, 347763, 385527, 360236, 281987, 265509, 322745, 299243, 371695, 288369, 288374, 271921, 288370, 281988, 322749, 299242, 258716, 278752, 288371, 271918, 259068, 271917, 281985, 288366, 322747, 331207, 358523, 281989, 360137, 385528, 271920, 362086, 288377, 259048, 288373, 265504, 372200, 265487, 331206, 258738, 252507, 265485, 288362, 252705, 287963, 288376, 265486, 288375, 252675, 322744, 402809, 271914, 265511, 271915, 346076, 271916, 265503, 299241, 401485, 265512",572
324316,573
277156,574
416590,575
428401,576
"427131, 411596, 392143, 427133",577
"418446, 291130, 355873, 291131, 358880, 309202, 381209, 290840, 386805, 351544, 291126",578
429649,579
"178656, 149975, 189199",580
"65490, 149066, 165458, 81618, 57072, 57070, 60054, 84183, 241991, 241989, 122316, 207121, 144171, 71818, 333152, 109632",581
405802,582
"325161, 266825, 298686",583
"306258, 343143, 340705, 431958",584
405789,585
145602,586
"198942, 201629, 198943, 201630, 225275",587
"211966, 172380, 186370, 234191",588
194562,589
"426981, 400748, 426979, 1569, 1968, 1967, 88354, 1966",590
"186885, 317275, 251250, 250934, 165802",591
"47400, 102156",592
"354817, 383418, 310177",593
"360232, 347116",594
"366338, 39166, 204807",595
"107820, 123504, 130814",596
"274228, 294308, 328765, 353431, 181870, 181875, 211589, 216717, 216716, 245335, 274099, 354791, 194247, 365715, 286131, 354792, 267900, 286246, 216389, 353943, 232598, 354793, 244367, 272183, 234437, 309413, 310048, 266754, 263712, 275077",597
"232298, 245034, 239052, 261266, 225651",598
"143063, 132436, 111171",599
"204573, 218540, 190682, 213220",600
"155108, 402995, 139604, 238740, 191889, 228673, 175925, 208986, 306533, 186149, 255682, 317370, 149981, 211085, 372512, 341576, 350675, 442227, 364240, 283136, 132441, 202175, 156318, 189649, 188996, 132834, 151825, 217521, 163327, 282118, 141018, 168218, 136986, 143988, 233246, 132422, 150810",601
154984,602
306634,603
"433483, 436514, 433541",604
"134323, 154863",605
"295017, 307302, 321302, 392705, 326889",606
"168633, 184075, 228578, 287145, 186273, 267734",607
"271664, 181417",608
"237900, 335914, 286359, 278019, 443875, 388374, 287075, 363202",609
"357008, 321438",610
"316050, 113942, 151979",611
"435043, 435042",612
"43232, 38796, 37429",613
"266122, 157327, 152388",614
"297693, 296636, 290524",615
"268257, 221834, 225995, 225997, 225998, 268258, 416497, 225996, 416498, 188571, 209651, 344156, 126951, 134394, 344152, 257509, 344160, 181683, 191287, 195338, 335633, 126949, 134391, 151555, 335635, 207879, 344151, 309283, 134392, 344147, 146417, 170393, 164340, 123726, 165194, 169968, 344155, 344154, 344157, 126950, 344150, 133597, 192926, 163676, 344145, 235182, 344159, 124138, 124773, 110242, 111340, 153527, 191286, 132959, 217278, 134388, 344158, 213119, 257505, 344161, 344149, 191290, 361881, 181682, 134393, 134396, 191289, 163659, 134389, 164439, 309287, 218443, 124185, 218444, 134398, 171965, 344146, 209058, 163686, 154828, 344148, 109968",616
"192228, 192229, 192230, 192231, 52013, 234733, 377008",617
"7707, 92332, 21165",618
"320778, 318382, 320777, 365658, 324761",619
"431012, 207120, 426946, 237943, 181213, 174301, 174304, 237942, 181214, 248155, 237941, 237795, 174306, 174302, 174303, 300528, 181215, 181217, 181218, 181219, 181220, 181221, 181222, 207046, 207047, 207048, 207049, 207313, 207314, 207315, 207316, 438314, 181223, 181224, 181225, 181226, 181227",620
"396748, 396747, 400675, 415314, 426236, 412003",621
271564,622
"204573, 211173, 202021",623
"255259, 255261",624
289240,625
"343489, 327245",626
166592,627
349221,628
344086,629
"308769, 336104, 240909, 306171, 332979",630
"237632, 206316, 260486, 237649, 151010, 181609, 178670, 161435, 161437, 178207, 161438, 196544, 193387, 193386, 230989, 184172, 230986, 176155, 180729, 174667, 161439, 161440, 161441, 217385, 197483, 193385, 161442, 230987, 230988, 230990, 230991, 230985, 150070, 149758, 149926, 146631, 150072, 149924, 149925, 146632, 202139, 142423, 144873, 149261, 150074, 150798, 139037, 238458, 236381, 236382, 236383, 241493, 341148, 178652, 178653, 178654, 180727, 180728, 182910, 238492, 238494",631
"253925, 226910, 197519, 197520, 358818, 358817, 253926",632
"20030, 315750, 163187, 228784, 416325",633
163274,634
"359207, 355612, 359206, 441641",635
"405664, 440054",636
"89848, 53383, 38454",637
"167744, 175653, 195771, 2993, 5405, 15158, 21385, 153773, 196080, 262563, 248979, 349162, 324940, 92332, 352169, 291517, 211023",638
"430579, 444110, 439436",639
319398,640
"8257, 428379, 2459",641
"381284, 372866, 435540, 435551, 334649, 435541, 404274, 404273, 432312, 441927",642
"264687, 264689, 265058, 264811, 264721, 305563, 264688",643
382190,644
287664,645
369931,646
"374732, 186356, 178527, 186524, 334293, 148931, 217578, 186532",647
"388470, 416117, 397827, 423219, 379901",648
"430259, 252420, 269139, 252424, 252422, 269138, 252423, 276836, 252429, 313960, 109139, 162741, 142420",649
"419429, 419430, 422001, 436303, 424932, 121750, 123656, 123743, 124371, 125085, 125088, 127057, 127059, 426958, 403417, 403454, 400757, 394730, 393180, 394733, 393181, 426956, 441366, 426955, 407007, 423956, 426959, 9142, 441367, 432184, 74525, 1765, 415535, 1763, 1764, 371843, 351474, 397439, 368246, 433831, 380448, 422344, 1762, 395339, 350854, 368668, 402953, 425599, 1761, 392147, 371683, 74521, 402952, 368351, 367079, 368343, 368275, 1767, 127288, 440512, 424956, 417747, 433974, 430414, 425528, 425526, 425527, 366929, 429267, 366928, 425519, 425520, 425521, 425522, 425523, 425524",650
"289650, 289648, 349093",651
"153132, 242305, 182609, 344775, 162389, 152993, 182607, 152997, 322163, 152994, 226538, 182608, 182610, 340062, 152992, 182611, 242306, 226545, 152991, 160667, 182616, 152990, 182615, 321252, 182613, 182612, 242307, 344776, 226537, 125919, 182617, 321251, 344795, 182614",652
225732,653
"269325, 254466, 313056, 270254, 257747, 257379, 283173, 286625, 412738",654
"445166, 436769, 383173",655
"237910, 436197, 216008, 225980, 238809",656
"361605, 180284, 385784",657
"22652, 184281, 12614, 42613, 15288, 186885",658
"171216, 151122",659
262276,660
316630,661
"146781, 111771, 108224",662
"358766, 355629",663
"142850, 142391, 170813",664
"193890, 348091, 385621, 376433, 230343, 386210, 230345, 228719, 250534, 254772, 260354, 230344, 229773, 229770, 230143, 407803, 229316, 376847, 376848, 376849, 386358, 386027, 385618, 385620, 386543, 385619, 386286",665
"256951, 83538, 264146, 129508, 177353, 389219, 61965, 185790, 204252",666
"199743, 336636, 158159, 206494, 151067, 153977, 153978, 164625, 140755, 162963, 139850, 147630, 154453, 193719, 176632, 162198, 153979, 136520, 176969, 136518, 136515, 311258, 163057, 139384, 136511, 176971, 136512, 136517, 139408, 176427, 140431, 136514, 176970, 176975, 163110, 136521, 139544, 176968, 136516, 163146, 148340, 136513, 162835, 162199, 162200, 139670, 140173, 176973, 176972, 153975, 136519, 147631, 139995, 176974, 411389, 161920, 139492, 139865, 162563, 139641, 139866, 139867, 139386, 163021, 162042, 161938, 162837, 348484, 348485, 348486, 199738, 374170, 411257, 411258, 411259, 411260, 411261, 411262, 411380, 411601, 411602, 415366, 415367, 415368, 415369, 415370, 419893, 419897, 419899, 411381, 419900, 419906, 435316, 439314, 440829, 411382, 411383, 411384, 411385, 411386, 411387, 411600, 144391, 147247, 156916, 140605, 162564, 163032, 140606, 140604, 162729, 161848, 147258, 193718, 411370, 284048, 284049, 137987, 162608, 187336",667
"10873, 19400",668
377715,669
"331587, 441381, 304511, 304512, 305726, 333517, 402188, 374374, 396137, 413405, 441380",670
"240267, 214358, 217577, 176173, 207293, 240266, 223945, 167504, 181592, 206072, 291341, 195586, 297276",671
"389121, 365765, 389122",672
397438,673
125376,674
"372600, 373531, 381332, 371704",675
"299703, 72775, 39425, 43303, 83268, 130402, 153749, 171881, 146622, 39567, 4947, 39956, 4940, 4939, 4956, 4938, 4937, 4955, 4946, 4945, 4943, 4944, 12489, 4942, 4954, 4941, 11186, 55327, 55332, 64862, 64861, 64591, 64863, 64866, 64868, 64665, 64667, 64668, 64708, 64711, 64858, 64860, 22630, 269593",676
"248345, 248346, 309138, 213514, 213515, 238078, 214541, 212245, 213508, 213519, 214540, 412260, 213518, 336630, 172170, 213505, 173566, 212630, 412080, 213517, 427193, 172784, 302263, 213516, 302261, 303371, 231406, 266470, 303370, 302262, 213504, 412261, 412262, 214545, 213841, 218878",677
"148571, 151123",678
"188030, 149799",679
"238032, 198452, 352570",680
"194198, 218983, 277567, 278302, 196619, 191236, 277578, 258651, 294384, 239939, 200634, 279766, 212312, 224754, 251487, 251486, 251485, 251490, 236435, 251484, 251491, 251488, 258652, 235543, 262638, 237731, 201277, 282256, 258730, 251492, 185060, 227881, 277419, 245349, 247709, 258136, 179601, 236467, 282711, 228665, 245336, 226880, 182995, 253380, 225567, 181458, 247710, 294341, 204029, 193060, 218174, 217960, 189169",681
"371429, 348969",682
"14536, 14537, 60165, 204243, 101701, 376630, 264311",683
"372821, 264898, 278902, 218553, 237746, 266846, 292402, 230478, 266848, 218547, 237748, 237747, 266847, 218550, 237749, 278325, 218017, 249828",684
325037,685
"277668, 279357, 279359, 336872",686
"438395, 419398, 419397, 429505",687
"180156, 393268, 216601, 215821, 217468, 196028, 209701",688
"72677, 6357",689
"188079, 235255, 188080",690
"178656, 204573, 206184, 190074, 191540, 213213, 206188, 231967, 234129, 189823, 206185, 183499",691
314036,692
"109141, 132377, 137396, 195267, 179622, 117793, 371094, 156102",693
391217,694
"266341, 293397, 372249, 279984, 220128, 227356, 216171, 256910, 254841, 312385, 257710, 256909, 256767, 213298, 227336, 279874, 224820, 256766, 257708, 242260, 242257, 282507, 230905, 312858, 224086, 224254, 268931, 242259, 228609, 293012, 219019, 275035, 332439, 222971, 226120, 226209, 287726, 227279, 279977, 279980, 293013, 268927, 257711, 242256, 256914, 268928, 291495, 293011, 279875, 279981, 253957, 222969, 241398, 258671, 268932, 258670, 258669, 222966, 296451, 296160, 296161, 313898, 313896, 266890, 242255, 222970, 257709, 264487, 264485, 219668, 229096, 254840, 332437, 317903, 317904, 224255, 219020, 224089, 260795, 317902, 260797, 260798, 273939, 279979, 284076, 293010, 296162, 313895, 257223, 226388, 257715, 252900, 219016, 224085, 241383, 263994, 293396, 224887, 241380, 313900, 222967, 296227, 256912, 257712, 229615, 257714, 221806, 227355, 215008, 263993, 313901, 257713, 224709, 222968, 279982, 224250, 284079, 284077, 325504, 312725, 332443, 431264, 361796, 372248, 336062, 351288, 318473, 263995",695
"231506, 238664, 260658, 230359, 234154, 308036, 420807, 340747, 348675, 293240",696
"237518, 263228, 116304, 166679, 198045, 207867, 189807, 212572, 237226, 132684, 167930, 129415, 131931, 184253, 137479, 150884",697
"382468, 250994, 283292, 368867",698
"368115, 355419",699
"292137, 279271, 281938, 279957, 279553, 406649, 279878, 332694, 281937, 279749, 279084",700
313301,701
"319462, 314014",702
"341506, 350376, 349425, 394445, 341505, 422523, 350375, 351863, 405988, 341503, 349604, 354024, 373272",703
"30362, 260303, 30941",704
340679,705
"217761, 182020, 218377, 146629, 131324, 174499, 133659, 164213",706
341066,707
377536,708
"213524, 227107, 214971, 226904, 269294, 274654, 274233, 213523, 216043, 226846, 213306",709
"424911, 402518",710
"339247, 337505, 357311, 320731, 400945, 430078, 320730, 320737, 320734, 372326, 320735, 320736, 320732, 430079",711
"423028, 321511, 320287, 434305, 423027, 321609, 321678, 422617, 422618, 321043, 422946",712
164592,713
"215944, 215943, 290400, 215942",714
"201420, 218247",715
"231506, 191779, 139849, 144612, 239697, 179023, 158489, 132425, 382759, 137917, 138072, 212664, 171426, 228591, 229206, 197500, 264372, 229209, 211713, 147695, 213316, 162394, 234161, 234686, 338655, 182173, 261981, 287323, 195755",716
"199877, 182440",717
"330150, 291819, 431993, 373288",718
"126942, 201820, 129544, 136448, 152858, 90316, 201819, 145687, 82423, 92869, 82429, 136447, 92870, 152859, 90317, 88328, 92934, 201817, 113227, 201816, 136445, 113224, 82428, 126943, 88329, 201815, 201814, 201813, 113228, 201818, 113225, 136446, 145536, 82422, 142559, 134605",719
"310234, 310200, 128236, 137405, 158616, 122115, 186466, 188155, 229079, 256413, 233279, 282778, 282779, 132128, 149503, 167909, 167911, 167910, 158932, 186481",720
"204573, 213211, 211792, 223303",721
"227645, 179427, 183644, 307491, 141254, 149559, 109064, 96361, 156393, 151851, 161215, 148347, 156394, 103260, 158263, 103574, 148345, 92090, 141256, 148346, 158262, 88487, 104410, 113387, 147173, 149633, 180815, 360257, 278221, 278008, 207462, 164090, 165511, 161002, 307490, 254375, 169758, 129389, 179428, 151875, 143991, 183645, 359610, 101513, 146607, 142625, 142624, 183646, 207457, 278273, 117836, 125923, 123077, 128913, 123502, 122874, 128912, 119437, 114448, 207460, 307489, 164089, 180805, 103262, 186882, 235547, 86663, 125922, 135160, 314544, 224717, 240739, 307488",722
"402987, 224473, 220770, 427552, 219506, 360563, 419536, 89848, 53383, 225114",723
"358148, 357878, 313047, 320110",724
379053,725
"355196, 326883, 350350, 316337",726
403217,727
"126995, 274185, 141320, 225880",728
"40794, 72554, 60128, 64461, 60683, 36521",729
"297566, 264243, 290504",730
230243,731
"294345, 235739",732
"339074, 377549, 337668, 413475, 429166, 272455, 257606, 329837, 301608, 285780, 285781",733
"233363, 209323",734
"144384, 149772, 157816, 171503, 443806, 132479",735
"400289, 375374, 431716, 383633, 413918, 423909, 353178, 235600, 327364, 189633, 251502, 201900, 189634, 256115, 235599, 341637, 272514, 256116, 226915, 236476, 341640, 362716, 272513, 353175, 201899, 362717, 226916, 251501, 181876, 189637, 201903, 236477",736
"237954, 270376, 252543, 319136",737
"399270, 399281",738
"168017, 168018",739
"120965, 94964, 94963, 115584",740
265283,741
"264146, 389219, 185790",742
321946,743
114473,744
"213288, 204573",745
334075,746
