0,0
0,0
1,1
2,2
3,3
4,4
5,5
6,6
7,7
8,8
9,9
10,10
11,11
12,12
13,13
14,14
15,15
16,16
17,17
18,18
19,19
20,20
21,21
22,22
23,23
24,24
25,20
26,25
27,26
28,27
29,28
30,29
31,30
32,31
33,32
34,33
35,34
36,35
37,36
38,37
39,38
40,39
41,40
42,41
43,42
44,43
45,44
46,45
47,46
48,47
49,48
50,49
51,50
52,51
53,52
54,53
55,54
56,55
57,56
58,57
59,58
60,59
61,60
30,61
62,62
63,63
64,64
65,65
66,66
67,67
68,68
69,69
70,70
71,71
72,72
73,73
74,74
75,75
76,76
77,77
78,78
79,79
80,80
81,81
82,82
83,83
84,84
85,85
86,86
87,87
88,88
89,89
90,90
91,91
92,92
93,93
94,94
95,95
96,96
97,97
17,98
98,99
99,100
49,101
100,102
101,103
102,104
103,105
104,106
105,107
106,108
107,109
108,110
109,111
110,112
111,113
112,114
113,115
114,116
115,117
116,118
117,119
118,120
119,121
120,122
121,123
122,124
123,125
124,126
125,127
126,128
127,129
128,130
129,131
130,132
131,133
132,134
133,135
134,136
135,137
136,138
137,139
138,140
139,141
140,142
141,143
142,144
143,145
144,146
145,147
146,148
147,149
142,150
148,151
149,152
150,153
151,154
152,65
153,155
154,156
155,157
156,158
157,159
158,160
159,161
160,162
161,163
162,164
163,165
164,166
165,167
166,168
167,169
168,170
169,171
170,172
171,173
172,174
173,175
174,176
175,177
176,178
177,179
178,180
179,181
180,182
181,183
182,184
183,185
184,186
185,187
186,188
187,189
186,190
188,191
189,192
190,193
191,194
192,195
193,196
194,197
195,198
196,199
197,200
198,201
116,202
199,203
200,204
201,205
202,206
96,207
203,208
204,209
205,210
206,211
207,212
208,213
209,214
210,215
211,216
212,217
213,218
214,219
215,220
216,221
217,222
218,223
219,224
220,225
221,226
222,227
223,228
224,229
225,230
226,231
227,232
228,233
229,234
230,235
231,236
232,237
233,238
234,239
235,240
236,241
237,242
238,243
239,244
240,245
241,246
242,247
243,248
244,249
245,250
246,251
247,252
248,253
249,254
250,255
251,256
252,257
253,258
254,259
255,260
256,261
257,262
258,263
259,264
260,265
261,266
262,267
263,268
264,269
265,270
266,271
267,272
268,273
269,274
270,275
271,276
272,277
243,278
273,279
274,280
275,281
276,282
277,283
278,284
279,285
280,286
281,287
282,288
283,289
284,290
285,291
286,292
287,293
288,294
289,295
290,296
282,297
291,298
292,299
293,300
294,301
191,302
295,303
296,304
297,305
298,306
299,307
300,308
301,309
302,310
303,311
191,312
304,313
305,314
157,315
306,316
307,317
308,318
309,319
310,320
311,321
312,322
313,323
314,324
315,325
316,326
317,327
318,328
319,329
320,330
321,331
322,332
323,333
324,334
325,335
326,336
327,337
328,338
329,339
330,340
331,341
58,342
332,343
333,344
334,345
335,346
336,347
337,348
338,349
339,350
340,351
122,352
281,353
341,354
342,355
192,356
343,357
344,358
345,359
346,360
347,361
348,362
349,363
350,364
351,365
309,366
90,367
129,368
352,369
353,370
354,371
355,372
356,373
357,374
358,375
359,376
360,377
361,378
362,379
363,380
364,381
365,382
366,383
367,384
368,385
369,386
370,387
371,388
372,389
373,390
342,391
374,392
375,393
376,394
377,395
378,396
379,397
380,398
381,399
382,400
383,401
384,402
385,403
386,404
238,405
387,406
388,407
389,408
390,409
391,410
392,411
370,412
393,413
394,414
395,415
396,416
397,417
398,418
399,419
400,420
401,421
402,422
403,423
404,424
405,425
406,426
407,427
408,428
213,429
409,430
410,431
411,404
412,432
413,433
414,434
415,435
416,436
417,437
418,438
419,439
420,440
421,441
422,442
423,443
424,444
425,445
426,446
427,447
43,448
428,449
429,450
430,451
431,452
432,453
433,454
434,455
435,456
436,457
437,458
438,459
439,460
440,461
220,462
441,463
442,464
443,465
444,466
445,467
446,468
447,469
448,470
199,471
395,472
449,473
450,474
451,475
452,476
453,477
454,478
455,479
456,480
457,481
458,482
459,483
460,484
461,485
462,486
463,487
464,488
465,489
466,490
467,491
468,492
469,493
402,494
470,495
471,496
472,497
473,498
474,499
475,500
476,501
477,502
351,503
478,504
479,505
480,506
481,507
482,508
483,509
484,510
485,511
486,512
487,513
488,514
489,515
490,516
491,517
492,518
493,519
192,520
412,521
494,522
214,523
495,524
496,525
497,526
498,527
499,528
500,529
501,530
502,531
503,532
336,533
504,534
403,535
505,536
506,537
507,538
508,539
509,540
510,541
511,542
512,543
513,544
514,545
515,546
516,547
517,548
518,549
519,550
520,551
521,552
522,553
416,554
523,555
524,556
525,557
526,558
527,559
528,560
529,561
530,562
531,563
532,564
533,565
534,566
535,567
194,568
238,569
536,570
537,571
538,572
539,573
540,574
541,575
542,576
543,577
544,578
545,579
546,580
547,581
548,582
549,583
550,584
551,585
372,586
552,587
553,588
554,589
252,590
555,591
542,592
360,593
406,594
556,595
557,596
558,597
559,598
560,599
561,600
562,601
563,602
564,603
565,604
566,605
567,606
477,607
568,608
441,609
569,610
570,611
423,612
571,613
572,614
573,615
574,616
575,617
576,618
577,619
578,620
579,621
580,622
581,623
582,624
583,625
268,626
584,627
585,243
586,628
587,629
588,630
589,631
590,632
591,633
592,634
593,635
402,636
77,637
594,638
595,639
220,640
596,641
551,642
597,643
598,644
599,645
600,646
601,647
602,648
603,649
604,650
585,651
605,652
571,653
606,654
607,655
583,656
608,657
609,658
610,659
611,660
612,661
613,662
614,663
615,664
616,646
617,665
618,666
619,667
620,668
621,669
339,670
46,671
622,672
623,673
624,674
625,675
626,676
627,677
234,678
628,679
629,680
374,681
630,682
631,683
632,684
633,685
634,686
635,687
636,688
637,689
638,690
639,691
640,692
641,693
642,694
643,695
644,696
42,697
645,698
646,699
647,700
648,701
649,702
650,703
379,704
651,705
652,706
653,707
654,708
655,709
656,710
657,711
242,712
658,713
659,714
660,715
634,716
410,717
554,718
661,719
662,720
663,721
664,722
440,723
665,724
666,725
667,726
668,727
669,728
670,729
637,730
671,731
672,732
673,733
561,734
674,735
675,736
676,737
253,738
677,739
678,740
679,741
680,742
78,743
681,744
682,745
683,746
16,747
684,748
685,749
686,750
199,751
687,752
688,753
689,754
690,755
691,756
692,757
693,758
694,759
587,760
394,761
695,762
696,763
29,764
697,765
698,766
699,767
700,768
701,769
702,770
703,771
704,772
705,773
706,774
707,775
440,776
708,777
709,778
710,779
711,780
712,781
713,782
169,783
714,784
685,785
178,786
715,787
716,788
717,789
718,790
719,791
536,792
720,793
721,794
722,795
723,796
724,797
574,798
456,799
725,800
726,801
727,802
728,803
729,804
730,805
199,806
731,807
732,808
733,809
634,810
667,811
734,812
735,813
736,814
737,815
738,816
739,817
740,818
741,819
742,820
743,821
519,822
744,823
490,824
745,825
268,826
746,827
747,828
748,829
749,830
750,831
751,832
752,833
753,834
754,835
444,836
412,837
376,838
755,839
756,840
757,841
176,842
758,843
759,844
760,845
139,846
761,847
762,848
563,849
763,850
607,851
764,852
765,853
766,854
767,855
768,856
769,857
770,858
707,859
771,860
772,861
773,862
774,863
775,864
776,865
777,866
778,867
779,868
780,869
781,870
782,871
783,872
784,873
667,874
584,875
785,876
786,877
787,878
541,879
496,880
788,881
577,882
789,883
790,884
791,885
792,886
793,887
794,888
253,889
795,890
796,891
525,892
797,893
798,894
799,895
800,896
801,897
802,898
790,899
399,900
803,901
804,902
390,903
805,904
806,905
807,906
808,907
809,908
810,909
811,910
812,911
813,912
814,913
815,914
816,915
817,916
818,917
819,623
820,918
821,919
822,920
803,921
595,922
823,923
824,924
677,925
825,926
826,927
827,928
828,929
829,930
408,931
830,932
831,933
542,934
597,935
832,936
833,937
834,938
835,939
836,940
837,941
838,942
839,943
637,944
593,945
159,946
840,947
841,948
842,949
843,950
844,951
845,952
846,953
279,954
847,955
394,956
848,957
849,958
850,959
851,960
852,961
853,962
854,963
855,964
856,965
473,966
857,967
858,968
859,969
424,970
824,971
860,972
861,973
862,974
815,975
328,976
665,977
551,978
863,979
811,980
864,981
865,982
578,983
866,984
592,985
492,986
867,987
863,988
868,989
869,990
870,991
